Geo_FIPS,Geo_GEOID,Geo_NAME,Geo_QName,Geo_STUSAB,Geo_SUMLEV,Geo_GEOCOMP,Geo_FILEID,Geo_LOGRECNO,Geo_US,Geo_REGION,Geo_DIVISION,Geo_STATECE,Geo_STATE,Geo_COUNTY,Geo_COUSUB,Geo_PLACE,Geo_PLACESE,Geo_TRACT,Geo_BLKGRP,Geo_CONCIT,Geo_AIANHH,Geo_AIANHHFP,Geo_AIHHTLI,Geo_AITSCE,Geo_AITS,Geo_ANRC,Geo_CBSA,Geo_CSA,Geo_METDIV,Geo_MACC,Geo_MEMI,Geo_NECTA,Geo_CNECTA,Geo_NECTADIV,Geo_UA,Geo_UACP,Geo_CDCURR,Geo_SLDU,Geo_SLDL,Geo_VTD,Geo_ZCTA3,Geo_ZCTA5,Geo_SUBMCD,Geo_SDELM,Geo_SDSEC,Geo_SDUNI,Geo_UR,Geo_PCI,Geo_TAZ,Geo_UGA,Geo_BTTR,Geo_BTBG,Geo_PUMA5,Geo_PUMA1,SE_A03001_001,SE_A03001_002,SE_A03001_003,SE_A03001_004,SE_A03001_005,SE_A03001_006,SE_A03001_007,SE_A03001_008,PCT_SE_A03001_002,PCT_SE_A03001_003,PCT_SE_A03001_004,PCT_SE_A03001_005,PCT_SE_A03001_006,PCT_SE_A03001_007,PCT_SE_A03001_008
"36061000100","14000US36061000100","Census Tract 1","Census Tract 1, New York County, New York","ny","140","00","ACSSF","0005780",,,,,"36","061",,,,"000100",,,,,,,,,,,,,,,,,,,,,,,,,,,,,,,,,,,,,0,0,0,0,0,0,0,0,,,,,,,
"36061000201","14000US36061000201","Census Tract 2.01","Census Tract 2.01, New York County, New York","ny","140","00","ACSSF","0005781",,,,,"36","061",,,,"000201",,,,,,,,,,,,,,,,,,,,,,,,,,,,,,,,,,,,,2750,458,412,0,1194,0,532,154,16.65,14.98,0,43.42,0,19.35,5.6
"36061000202","14000US36061000202","Census Tract 2.02","Census Tract 2.02, New York County, New York","ny","140","00","ACSSF","0005782",,,,,"36","061",,,,"000202",,,,,,,,,,,,,,,,,,,,,,,,,,,,,,,,,,,,,7773,3205,1668,87,1579,0,914,320,41.23,21.46,1.12,20.31,0,11.76,4.12
"36061000500","14000US36061000500","Census Tract 5","Census Tract 5, New York County, New York","ny","140","00","ACSSF","0005783",,,,,"36","061",,,,"000500",,,,,,,,,,,,,,,,,,,,,,,,,,,,,,,,,,,,,0,0,0,0,0,0,0,0,,,,,,,
"36061000600","14000US36061000600","Census Tract 6","Census Tract 6, New York County, New York","ny","140","00","ACSSF","0005784",,,,,"36","061",,,,"000600",,,,,,,,,,,,,,,,,,,,,,,,,,,,,,,,,,,,,9838,1083,715,131,5860,0,1506,543,11.01,7.27,1.33,59.56,0,15.31,5.52
"36061000700","14000US36061000700","Census Tract 7","Census Tract 7, New York County, New York","ny","140","00","ACSSF","0005785",,,,,"36","061",,,,"000700",,,,,,,,,,,,,,,,,,,,,,,,,,,,,,,,,,,,,8501,6470,72,0,1623,0,153,183,76.11,0.85,0,19.09,0,1.8,2.15
"36061000800","14000US36061000800","Census Tract 8","Census Tract 8, New York County, New York","ny","140","00","ACSSF","0005786",,,,,"36","061",,,,"000800",,,,,,,,,,,,,,,,,,,,,,,,,,,,,,,,,,,,,9315,1024,8,66,7994,22,28,173,10.99,0.09,0.71,85.82,0.24,0.3,1.86
"36061000900","14000US36061000900","Census Tract 9","Census Tract 9, New York County, New York","ny","140","00","ACSSF","0005787",,,,,"36","061",,,,"000900",,,,,,,,,,,,,,,,,,,,,,,,,,,,,,,,,,,,,1796,1226,88,0,328,17,64,73,68.26,4.9,0,18.26,0.95,3.56,4.06
"36061001001","14000US36061001001","Census Tract 10.01","Census Tract 10.01, New York County, New York","ny","140","00","ACSSF","0005788",,,,,"36","061",,,,"001001",,,,,,,,,,,,,,,,,,,,,,,,,,,,,,,,,,,,,1546,1214,29,0,176,0,57,70,78.53,1.88,0,11.38,0,3.69,4.53
"36061001002","14000US36061001002","Census Tract 10.02","Census Tract 10.02, New York County, New York","ny","140","00","ACSSF","0005789",,,,,"36","061",,,,"001002",,,,,,,,,,,,,,,,,,,,,,,,,,,,,,,,,,,,,5157,1077,1069,0,988,0,1892,131,20.88,20.73,0,19.16,0,36.69,2.54
"36061001200","14000US36061001200","Census Tract 12","Census Tract 12, New York County, New York","ny","140","00","ACSSF","0005790",,,,,"36","061",,,,"001200",,,,,,,,,,,,,,,,,,,,,,,,,,,,,,,,,,,,,4168,2456,117,20,714,0,616,245,58.93,2.81,0.48,17.13,0,14.78,5.88
"36061001300","14000US36061001300","Census Tract 13","Census Tract 13, New York County, New York","ny","140","00","ACSSF","0005791",,,,,"36","061",,,,"001300",,,,,,,,,,,,,,,,,,,,,,,,,,,,,,,,,,,,,4455,3110,175,0,808,0,108,254,69.81,3.93,0,18.14,0,2.42,5.7
"36061001401","14000US36061001401","Census Tract 14.01","Census Tract 14.01, New York County, New York","ny","140","00","ACSSF","0005792",,,,,"36","061",,,,"001401",,,,,,,,,,,,,,,,,,,,,,,,,,,,,,,,,,,,,3024,2234,108,0,474,0,61,147,73.88,3.57,0,15.67,0,2.02,4.86
"36061001402","14000US36061001402","Census Tract 14.02","Census Tract 14.02, New York County, New York","ny","140","00","ACSSF","0005793",,,,,"36","061",,,,"001402",,,,,,,,,,,,,,,,,,,,,,,,,,,,,,,,,,,,,2941,1071,163,3,893,0,617,194,36.42,5.54,0.1,30.36,0,20.98,6.6
"36061001501","14000US36061001501","Census Tract 15.01","Census Tract 15.01, New York County, New York","ny","140","00","ACSSF","0005794",,,,,"36","061",,,,"001501",,,,,,,,,,,,,,,,,,,,,,,,,,,,,,,,,,,,,7398,4777,280,51,1966,0,127,197,64.57,3.78,0.69,26.57,0,1.72,2.66
"36061001502","14000US36061001502","Census Tract 15.02","Census Tract 15.02, New York County, New York","ny","140","00","ACSSF","0005795",,,,,"36","061",,,,"001502",,,,,,,,,,,,,,,,,,,,,,,,,,,,,,,,,,,,,8309,6367,169,0,1350,0,55,368,76.63,2.03,0,16.25,0,0.66,4.43
"36061001600","14000US36061001600","Census Tract 16","Census Tract 16, New York County, New York","ny","140","00","ACSSF","0005796",,,,,"36","061",,,,"001600",,,,,,,,,,,,,,,,,,,,,,,,,,,,,,,,,,,,,6968,1249,174,0,5438,0,40,67,17.92,2.5,0,78.04,0,0.57,0.96
"36061001800","14000US36061001800","Census Tract 18","Census Tract 18, New York County, New York","ny","140","00","ACSSF","0005797",,,,,"36","061",,,,"001800",,,,,,,,,,,,,,,,,,,,,,,,,,,,,,,,,,,,,6788,2515,388,278,3127,0,233,247,37.05,5.72,4.1,46.07,0,3.43,3.64
"36061002000","14000US36061002000","Census Tract 20","Census Tract 20, New York County, New York","ny","140","00","ACSSF","0005798",,,,,"36","061",,,,"002000",,,,,,,,,,,,,,,,,,,,,,,,,,,,,,,,,,,,,4586,809,1004,0,1025,0,1635,113,17.64,21.89,0,22.35,0,35.65,2.46
"36061002100","14000US36061002100","Census Tract 21","Census Tract 21, New York County, New York","ny","140","00","ACSSF","0005799",,,,,"36","061",,,,"002100",,,,,,,,,,,,,,,,,,,,,,,,,,,,,,,,,,,,,6666,5470,379,0,678,0,0,139,82.06,5.69,0,10.17,0,0,2.09
"36061002201","14000US36061002201","Census Tract 22.01","Census Tract 22.01, New York County, New York","ny","140","00","ACSSF","0005800",,,,,"36","061",,,,"002201",,,,,,,,,,,,,,,,,,,,,,,,,,,,,,,,,,,,,6565,2232,877,22,1355,0,1735,344,34,13.36,0.34,20.64,0,26.43,5.24
"36061002202","14000US36061002202","Census Tract 22.02","Census Tract 22.02, New York County, New York","ny","140","00","ACSSF","0005801",,,,,"36","061",,,,"002202",,,,,,,,,,,,,,,,,,,,,,,,,,,,,,,,,,,,,2099,1412,241,12,260,0,82,92,67.27,11.48,0.57,12.39,0,3.91,4.38
"36061002400","14000US36061002400","Census Tract 24","Census Tract 24, New York County, New York","ny","140","00","ACSSF","0005802",,,,,"36","061",,,,"002400",,,,,,,,,,,,,,,,,,,,,,,,,,,,,,,,,,,,,4192,826,669,5,545,12,1829,306,19.7,15.96,0.12,13,0.29,43.63,7.3
"36061002500","14000US36061002500","Census Tract 25","Census Tract 25, New York County, New York","ny","140","00","ACSSF","0005803",,,,,"36","061",,,,"002500",,,,,,,,,,,,,,,,,,,,,,,,,,,,,,,,,,,,,5483,543,1725,8,2232,0,405,570,9.9,31.46,0.15,40.71,0,7.39,10.4
"36061002601","14000US36061002601","Census Tract 26.01","Census Tract 26.01, New York County, New York","ny","140","00","ACSSF","0005804",,,,,"36","061",,,,"002601",,,,,,,,,,,,,,,,,,,,,,,,,,,,,,,,,,,,,3488,1362,505,13,834,0,502,272,39.05,14.48,0.37,23.91,0,14.39,7.8
"36061002602","14000US36061002602","Census Tract 26.02","Census Tract 26.02, New York County, New York","ny","140","00","ACSSF","0005805",,,,,"36","061",,,,"002602",,,,,,,,,,,,,,,,,,,,,,,,,,,,,,,,,,,,,3946,2548,209,40,403,0,488,258,64.57,5.3,1.01,10.21,0,12.37,6.54
"36061002700","14000US36061002700","Census Tract 27","Census Tract 27, New York County, New York","ny","140","00","ACSSF","0005806",,,,,"36","061",,,,"002700",,,,,,,,,,,,,,,,,,,,,,,,,,,,,,,,,,,,,1341,231,0,0,1024,0,10,76,17.23,0,0,76.36,0,0.75,5.67
"36061002800","14000US36061002800","Census Tract 28","Census Tract 28, New York County, New York","ny","140","00","ACSSF","0005807",,,,,"36","061",,,,"002800",,,,,,,,,,,,,,,,,,,,,,,,,,,,,,,,,,,,,6765,3164,1126,0,1037,0,1167,271,46.77,16.64,0,15.33,0,17.25,4.01
"36061002900","14000US36061002900","Census Tract 29","Census Tract 29, New York County, New York","ny","140","00","ACSSF","0005808",,,,,"36","061",,,,"002900",,,,,,,,,,,,,,,,,,,,,,,,,,,,,,,,,,,,,5924,1089,657,46,3489,0,322,321,18.38,11.09,0.78,58.9,0,5.44,5.42
"36061003001","14000US36061003001","Census Tract 30.01","Census Tract 30.01, New York County, New York","ny","140","00","ACSSF","0005809",,,,,"36","061",,,,"003001",,,,,,,,,,,,,,,,,,,,,,,,,,,,,,,,,,,,,3815,2515,243,0,530,0,251,276,65.92,6.37,0,13.89,0,6.58,7.23
"36061003002","14000US36061003002","Census Tract 30.02","Census Tract 30.02, New York County, New York","ny","140","00","ACSSF","0005810",,,,,"36","061",,,,"003002",,,,,,,,,,,,,,,,,,,,,,,,,,,,,,,,,,,,,2939,1976,176,0,368,0,388,31,67.23,5.99,0,12.52,0,13.2,1.05
"36061003100","14000US36061003100","Census Tract 31","Census Tract 31, New York County, New York","ny","140","00","ACSSF","0005811",,,,,"36","061",,,,"003100",,,,,,,,,,,,,,,,,,,,,,,,,,,,,,,,,,,,,2525,1544,238,0,602,0,82,59,61.15,9.43,0,23.84,0,3.25,2.34
"36061003200","14000US36061003200","Census Tract 32","Census Tract 32, New York County, New York","ny","140","00","ACSSF","0005812",,,,,"36","061",,,,"003200",,,,,,,,,,,,,,,,,,,,,,,,,,,,,,,,,,,,,7814,6255,392,0,917,0,154,96,80.05,5.02,0,11.74,0,1.97,1.23
"36061003300","14000US36061003300","Census Tract 33","Census Tract 33, New York County, New York","ny","140","00","ACSSF","0005813",,,,,"36","061",,,,"003300",,,,,,,,,,,,,,,,,,,,,,,,,,,,,,,,,,,,,5224,4148,107,0,698,0,95,176,79.4,2.05,0,13.36,0,1.82,3.37
"36061003400","14000US36061003400","Census Tract 34","Census Tract 34, New York County, New York","ny","140","00","ACSSF","0005814",,,,,"36","061",,,,"003400",,,,,,,,,,,,,,,,,,,,,,,,,,,,,,,,,,,,,6569,4938,229,0,771,0,390,241,75.17,3.49,0,11.74,0,5.94,3.67
"36061003601","14000US36061003601","Census Tract 36.01","Census Tract 36.01, New York County, New York","ny","140","00","ACSSF","0005815",,,,,"36","061",,,,"003601",,,,,,,,,,,,,,,,,,,,,,,,,,,,,,,,,,,,,3132,1373,352,117,842,0,247,201,43.84,11.24,3.74,26.88,0,7.89,6.42
"36061003602","14000US36061003602","Census Tract 36.02","Census Tract 36.02, New York County, New York","ny","140","00","ACSSF","0005816",,,,,"36","061",,,,"003602",,,,,,,,,,,,,,,,,,,,,,,,,,,,,,,,,,,,,3212,2290,331,30,384,0,137,40,71.3,10.31,0.93,11.96,0,4.27,1.25
"36061003700","14000US36061003700","Census Tract 37","Census Tract 37, New York County, New York","ny","140","00","ACSSF","0005817",,,,,"36","061",,,,"003700",,,,,,,,,,,,,,,,,,,,,,,,,,,,,,,,,,,,,2666,2260,44,0,161,0,88,113,84.77,1.65,0,6.04,0,3.3,4.24
"36061003800","14000US36061003800","Census Tract 38","Census Tract 38, New York County, New York","ny","140","00","ACSSF","0005818",,,,,"36","061",,,,"003800",,,,,,,,,,,,,,,,,,,,,,,,,,,,,,,,,,,,,8927,5690,1267,4,1288,0,624,54,63.74,14.19,0.04,14.43,0,6.99,0.6
"36061003900","14000US36061003900","Census Tract 39","Census Tract 39, New York County, New York","ny","140","00","ACSSF","0005819",,,,,"36","061",,,,"003900",,,,,,,,,,,,,,,,,,,,,,,,,,,,,,,,,,,,,6931,5790,300,0,480,0,100,261,83.54,4.33,0,6.93,0,1.44,3.77
"36061004000","14000US36061004000","Census Tract 40","Census Tract 40, New York County, New York","ny","140","00","ACSSF","0005820",,,,,"36","061",,,,"004000",,,,,,,,,,,,,,,,,,,,,,,,,,,,,,,,,,,,,8105,6315,248,0,1071,10,77,384,77.91,3.06,0,13.21,0.12,0.95,4.74
"36061004100","14000US36061004100","Census Tract 41","Census Tract 41, New York County, New York","ny","140","00","ACSSF","0005821",,,,,"36","061",,,,"004100",,,,,,,,,,,,,,,,,,,,,,,,,,,,,,,,,,,,,7997,3007,71,44,4583,0,112,180,37.6,0.89,0.55,57.31,0,1.4,2.25
"36061004200","14000US36061004200","Census Tract 42","Census Tract 42, New York County, New York","ny","140","00","ACSSF","0005822",,,,,"36","061",,,,"004200",,,,,,,,,,,,,,,,,,,,,,,,,,,,,,,,,,,,,5384,3595,308,0,1200,0,89,192,66.77,5.72,0,22.29,0,1.65,3.57
"36061004300","14000US36061004300","Census Tract 43","Census Tract 43, New York County, New York","ny","140","00","ACSSF","0005823",,,,,"36","061",,,,"004300",,,,,,,,,,,,,,,,,,,,,,,,,,,,,,,,,,,,,3968,2492,89,0,984,0,303,100,62.8,2.24,0,24.8,0,7.64,2.52
"36061004400","14000US36061004400","Census Tract 44","Census Tract 44, New York County, New York","ny","140","00","ACSSF","0005824",,,,,"36","061",,,,"004400",,,,,,,,,,,,,,,,,,,,,,,,,,,,,,,,,,,,,16594,12771,788,0,2161,0,299,575,76.96,4.75,0,13.02,0,1.8,3.47
"36061004500","14000US36061004500","Census Tract 45","Census Tract 45, New York County, New York","ny","140","00","ACSSF","0005825",,,,,"36","061",,,,"004500",,,,,,,,,,,,,,,,,,,,,,,,,,,,,,,,,,,,,980,681,5,1,238,0,0,55,69.49,0.51,0.1,24.29,0,0,5.61
"36061004700","14000US36061004700","Census Tract 47","Census Tract 47, New York County, New York","ny","140","00","ACSSF","0005826",,,,,"36","061",,,,"004700",,,,,,,,,,,,,,,,,,,,,,,,,,,,,,,,,,,,,2474,1829,10,0,477,0,88,70,73.93,0.4,0,19.28,0,3.56,2.83
"36061004800","14000US36061004800","Census Tract 48","Census Tract 48, New York County, New York","ny","140","00","ACSSF","0005827",,,,,"36","061",,,,"004800",,,,,,,,,,,,,,,,,,,,,,,,,,,,,,,,,,,,,6230,4857,185,0,904,63,44,177,77.96,2.97,0,14.51,1.01,0.71,2.84
"36061004900","14000US36061004900","Census Tract 49","Census Tract 49, New York County, New York","ny","140","00","ACSSF","0005828",,,,,"36","061",,,,"004900",,,,,,,,,,,,,,,,,,,,,,,,,,,,,,,,,,,,,4404,3665,116,0,436,0,60,127,83.22,2.63,0,9.9,0,1.36,2.88
"36061005000","14000US36061005000","Census Tract 50","Census Tract 50, New York County, New York","ny","140","00","ACSSF","0005829",,,,,"36","061",,,,"005000",,,,,,,,,,,,,,,,,,,,,,,,,,,,,,,,,,,,,4748,3758,53,0,875,0,23,39,79.15,1.12,0,18.43,0,0.48,0.82
"36061005200","14000US36061005200","Census Tract 52","Census Tract 52, New York County, New York","ny","140","00","ACSSF","0005830",,,,,"36","061",,,,"005200",,,,,,,,,,,,,,,,,,,,,,,,,,,,,,,,,,,,,3321,2523,103,17,575,0,37,66,75.97,3.1,0.51,17.31,0,1.11,1.99
"36061005400","14000US36061005400","Census Tract 54","Census Tract 54, New York County, New York","ny","140","00","ACSSF","0005831",,,,,"36","061",,,,"005400",,,,,,,,,,,,,,,,,,,,,,,,,,,,,,,,,,,,,4768,3726,212,0,606,0,83,141,78.15,4.45,0,12.71,0,1.74,2.96
"36061005501","14000US36061005501","Census Tract 55.01","Census Tract 55.01, New York County, New York","ny","140","00","ACSSF","0005832",,,,,"36","061",,,,"005501",,,,,,,,,,,,,,,,,,,,,,,,,,,,,,,,,,,,,4727,3269,212,0,931,0,20,295,69.16,4.48,0,19.7,0,0.42,6.24
"36061005502","14000US36061005502","Census Tract 55.02","Census Tract 55.02, New York County, New York","ny","140","00","ACSSF","0005833",,,,,"36","061",,,,"005502",,,,,,,,,,,,,,,,,,,,,,,,,,,,,,,,,,,,,1825,1591,63,0,41,0,42,88,87.18,3.45,0,2.25,0,2.3,4.82
"36061005600","14000US36061005600","Census Tract 56","Census Tract 56, New York County, New York","ny","140","00","ACSSF","0005834",,,,,"36","061",,,,"005600",,,,,,,,,,,,,,,,,,,,,,,,,,,,,,,,,,,,,4250,3420,213,0,457,0,72,88,80.47,5.01,0,10.75,0,1.69,2.07
"36061005700","14000US36061005700","Census Tract 57","Census Tract 57, New York County, New York","ny","140","00","ACSSF","0005835",,,,,"36","061",,,,"005700",,,,,,,,,,,,,,,,,,,,,,,,,,,,,,,,,,,,,2756,2391,57,0,167,0,75,66,86.76,2.07,0,6.06,0,2.72,2.39
"36061005800","14000US36061005800","Census Tract 58","Census Tract 58, New York County, New York","ny","140","00","ACSSF","0005836",,,,,"36","061",,,,"005800",,,,,,,,,,,,,,,,,,,,,,,,,,,,,,,,,,,,,4315,3200,0,0,698,0,225,192,74.16,0,0,16.18,0,5.21,4.45
"36061005900","14000US36061005900","Census Tract 59","Census Tract 59, New York County, New York","ny","140","00","ACSSF","0005837",,,,,"36","061",,,,"005900",,,,,,,,,,,,,,,,,,,,,,,,,,,,,,,,,,,,,5404,4619,121,30,536,0,30,68,85.47,2.24,0.56,9.92,0,0.56,1.26
"36061006000","14000US36061006000","Census Tract 60","Census Tract 60, New York County, New York","ny","140","00","ACSSF","0005838",,,,,"36","061",,,,"006000",,,,,,,,,,,,,,,,,,,,,,,,,,,,,,,,,,,,,5741,4586,252,0,643,0,103,157,79.88,4.39,0,11.2,0,1.79,2.73
"36061006100","14000US36061006100","Census Tract 61","Census Tract 61, New York County, New York","ny","140","00","ACSSF","0005839",,,,,"36","061",,,,"006100",,,,,,,,,,,,,,,,,,,,,,,,,,,,,,,,,,,,,4747,3667,274,0,716,0,19,71,77.25,5.77,0,15.08,0,0.4,1.5
"36061006200","14000US36061006200","Census Tract 62","Census Tract 62, New York County, New York","ny","140","00","ACSSF","0005840",,,,,"36","061",,,,"006200",,,,,,,,,,,,,,,,,,,,,,,,,,,,,,,,,,,,,4444,2289,1004,6,890,0,60,195,51.51,22.59,0.14,20.03,0,1.35,4.39
"36061006300","14000US36061006300","Census Tract 63","Census Tract 63, New York County, New York","ny","140","00","ACSSF","0005841",,,,,"36","061",,,,"006300",,,,,,,,,,,,,,,,,,,,,,,,,,,,,,,,,,,,,6393,5592,67,0,435,0,45,254,87.47,1.05,0,6.8,0,0.7,3.97
"36061006400","14000US36061006400","Census Tract 64","Census Tract 64, New York County, New York","ny","140","00","ACSSF","0005842",,,,,"36","061",,,,"006400",,,,,,,,,,,,,,,,,,,,,,,,,,,,,,,,,,,,,7643,5833,102,0,1218,0,297,193,76.32,1.33,0,15.94,0,3.89,2.53
"36061006500","14000US36061006500","Census Tract 65","Census Tract 65, New York County, New York","ny","140","00","ACSSF","0005843",,,,,"36","061",,,,"006500",,,,,,,,,,,,,,,,,,,,,,,,,,,,,,,,,,,,,6337,5172,164,0,798,0,33,170,81.62,2.59,0,12.59,0,0.52,2.68
"36061006600","14000US36061006600","Census Tract 66","Census Tract 66, New York County, New York","ny","140","00","ACSSF","0005844",,,,,"36","061",,,,"006600",,,,,,,,,,,,,,,,,,,,,,,,,,,,,,,,,,,,,11839,7759,1424,79,2166,0,0,411,65.54,12.03,0.67,18.3,0,0,3.47
"36061006700","14000US36061006700","Census Tract 67","Census Tract 67, New York County, New York","ny","140","00","ACSSF","0005845",,,,,"36","061",,,,"006700",,,,,,,,,,,,,,,,,,,,,,,,,,,,,,,,,,,,,5431,4828,55,0,217,0,91,240,88.9,1.01,0,4,0,1.68,4.42
"36061006800","14000US36061006800","Census Tract 68","Census Tract 68, New York County, New York","ny","140","00","ACSSF","0005846",,,,,"36","061",,,,"006800",,,,,,,,,,,,,,,,,,,,,,,,,,,,,,,,,,,,,7876,5523,798,0,1496,0,15,44,70.12,10.13,0,18.99,0,0.19,0.56
"36061006900","14000US36061006900","Census Tract 69","Census Tract 69, New York County, New York","ny","140","00","ACSSF","0005847",,,,,"36","061",,,,"006900",,,,,,,,,,,,,,,,,,,,,,,,,,,,,,,,,,,,,2485,2088,24,0,248,0,69,56,84.02,0.97,0,9.98,0,2.78,2.25
"36061007000","14000US36061007000","Census Tract 70","Census Tract 70, New York County, New York","ny","140","00","ACSSF","0005848",,,,,"36","061",,,,"007000",,,,,,,,,,,,,,,,,,,,,,,,,,,,,,,,,,,,,8301,5865,727,0,1528,0,127,54,70.65,8.76,0,18.41,0,1.53,0.65
"36061007100","14000US36061007100","Census Tract 71","Census Tract 71, New York County, New York","ny","140","00","ACSSF","0005849",,,,,"36","061",,,,"007100",,,,,,,,,,,,,,,,,,,,,,,,,,,,,,,,,,,,,5530,4699,202,0,342,5,39,243,84.97,3.65,0,6.18,0.09,0.71,4.39
"36061007200","14000US36061007200","Census Tract 72","Census Tract 72, New York County, New York","ny","140","00","ACSSF","0005850",,,,,"36","061",,,,"007200",,,,,,,,,,,,,,,,,,,,,,,,,,,,,,,,,,,,,7642,5452,152,0,1965,0,14,59,71.34,1.99,0,25.71,0,0.18,0.77
"36061007300","14000US36061007300","Census Tract 73","Census Tract 73, New York County, New York","ny","140","00","ACSSF","0005851",,,,,"36","061",,,,"007300",,,,,,,,,,,,,,,,,,,,,,,,,,,,,,,,,,,,,5759,5331,56,0,273,0,0,99,92.57,0.97,0,4.74,0,0,1.72
"36061007400","14000US36061007400","Census Tract 74","Census Tract 74, New York County, New York","ny","140","00","ACSSF","0005852",,,,,"36","061",,,,"007400",,,,,,,,,,,,,,,,,,,,,,,,,,,,,,,,,,,,,4528,3422,104,0,758,0,161,83,75.57,2.3,0,16.74,0,3.56,1.83
"36061007500","14000US36061007500","Census Tract 75","Census Tract 75, New York County, New York","ny","140","00","ACSSF","0005853",,,,,"36","061",,,,"007500",,,,,,,,,,,,,,,,,,,,,,,,,,,,,,,,,,,,,3603,3004,88,0,184,0,34,293,83.37,2.44,0,5.11,0,0.94,8.13
"36061007600","14000US36061007600","Census Tract 76","Census Tract 76, New York County, New York","ny","140","00","ACSSF","0005854",,,,,"36","061",,,,"007600",,,,,,,,,,,,,,,,,,,,,,,,,,,,,,,,,,,,,2092,1114,57,0,797,0,103,21,53.25,2.72,0,38.1,0,4.92,1
"36061007700","14000US36061007700","Census Tract 77","Census Tract 77, New York County, New York","ny","140","00","ACSSF","0005855",,,,,"36","061",,,,"007700",,,,,,,,,,,,,,,,,,,,,,,,,,,,,,,,,,,,,5971,5351,77,0,244,0,11,288,89.62,1.29,0,4.09,0,0.18,4.82
"36061007800","14000US36061007800","Census Tract 78","Census Tract 78, New York County, New York","ny","140","00","ACSSF","0005856",,,,,"36","061",,,,"007800",,,,,,,,,,,,,,,,,,,,,,,,,,,,,,,,,,,,,9422,6333,359,0,2197,0,0,533,67.22,3.81,0,23.32,0,0,5.66
"36061007900","14000US36061007900","Census Tract 79","Census Tract 79, New York County, New York","ny","140","00","ACSSF","0005857",,,,,"36","061",,,,"007900",,,,,,,,,,,,,,,,,,,,,,,,,,,,,,,,,,,,,4425,3941,37,0,223,0,75,149,89.06,0.84,0,5.04,0,1.69,3.37
"36061008000","14000US36061008000","Census Tract 80","Census Tract 80, New York County, New York","ny","140","00","ACSSF","0005858",,,,,"36","061",,,,"008000",,,,,,,,,,,,,,,,,,,,,,,,,,,,,,,,,,,,,4964,4044,61,14,683,0,62,100,81.47,1.23,0.28,13.76,0,1.25,2.01
"36061008100","14000US36061008100","Census Tract 81","Census Tract 81, New York County, New York","ny","140","00","ACSSF","0005859",,,,,"36","061",,,,"008100",,,,,,,,,,,,,,,,,,,,,,,,,,,,,,,,,,,,,7481,6256,257,0,562,0,249,157,83.63,3.44,0,7.51,0,3.33,2.1
"36061008200","14000US36061008200","Census Tract 82","Census Tract 82, New York County, New York","ny","140","00","ACSSF","0005860",,,,,"36","061",,,,"008200",,,,,,,,,,,,,,,,,,,,,,,,,,,,,,,,,,,,,3241,2291,77,16,676,25,83,73,70.69,2.38,0.49,20.86,0.77,2.56,2.25
"36061008300","14000US36061008300","Census Tract 83","Census Tract 83, New York County, New York","ny","140","00","ACSSF","0005861",,,,,"36","061",,,,"008300",,,,,,,,,,,,,,,,,,,,,,,,,,,,,,,,,,,,,3686,2209,402,73,410,0,344,248,59.93,10.91,1.98,11.12,0,9.33,6.73
"36061008400","14000US36061008400","Census Tract 84","Census Tract 84, New York County, New York","ny","140","00","ACSSF","0005862",,,,,"36","061",,,,"008400",,,,,,,,,,,,,,,,,,,,,,,,,,,,,,,,,,,,,1746,998,59,16,649,0,6,18,57.16,3.38,0.92,37.17,0,0.34,1.03
"36061008601","14000US36061008601","Census Tract 86.01","Census Tract 86.01, New York County, New York","ny","140","00","ACSSF","0005863",,,,,"36","061",,,,"008601",,,,,,,,,,,,,,,,,,,,,,,,,,,,,,,,,,,,,2915,2074,62,11,702,0,11,55,71.15,2.13,0.38,24.08,0,0.38,1.89
"36061008602","14000US36061008602","Census Tract 86.02","Census Tract 86.02, New York County, New York","ny","140","00","ACSSF","0005864",,,,,"36","061",,,,"008602",,,,,,,,,,,,,,,,,,,,,,,,,,,,,,,,,,,,,0,0,0,0,0,0,0,0,,,,,,,
"36061008603","14000US36061008603","Census Tract 86.03","Census Tract 86.03, New York County, New York","ny","140","00","ACSSF","0005865",,,,,"36","061",,,,"008603",,,,,,,,,,,,,,,,,,,,,,,,,,,,,,,,,,,,,4400,3686,27,18,448,0,92,129,83.77,0.61,0.41,10.18,0,2.09,2.93
"36061008700","14000US36061008700","Census Tract 87","Census Tract 87, New York County, New York","ny","140","00","ACSSF","0005866",,,,,"36","061",,,,"008700",,,,,,,,,,,,,,,,,,,,,,,,,,,,,,,,,,,,,6556,5397,118,0,624,0,200,217,82.32,1.8,0,9.52,0,3.05,3.31
"36061008800","14000US36061008800","Census Tract 88","Census Tract 88, New York County, New York","ny","140","00","ACSSF","0005867",,,,,"36","061",,,,"008800",,,,,,,,,,,,,,,,,,,,,,,,,,,,,,,,,,,,,7416,5154,104,0,1842,0,153,163,69.5,1.4,0,24.84,0,2.06,2.2
"36061008900","14000US36061008900","Census Tract 89","Census Tract 89, New York County, New York","ny","140","00","ACSSF","0005868",,,,,"36","061",,,,"008900",,,,,,,,,,,,,,,,,,,,,,,,,,,,,,,,,,,,,5413,4364,180,0,533,0,276,60,80.62,3.33,0,9.85,0,5.1,1.11
"36061009000","14000US36061009000","Census Tract 90","Census Tract 90, New York County, New York","ny","140","00","ACSSF","0005869",,,,,"36","061",,,,"009000",,,,,,,,,,,,,,,,,,,,,,,,,,,,,,,,,,,,,7633,5591,218,0,1701,0,38,85,73.25,2.86,0,22.28,0,0.5,1.11
"36061009100","14000US36061009100","Census Tract 91","Census Tract 91, New York County, New York","ny","140","00","ACSSF","0005870",,,,,"36","061",,,,"009100",,,,,,,,,,,,,,,,,,,,,,,,,,,,,,,,,,,,,6298,4692,442,0,937,0,157,70,74.5,7.02,0,14.88,0,2.49,1.11
"36061009200","14000US36061009200","Census Tract 92","Census Tract 92, New York County, New York","ny","140","00","ACSSF","0005871",,,,,"36","061",,,,"009200",,,,,,,,,,,,,,,,,,,,,,,,,,,,,,,,,,,,,1474,1015,21,0,358,0,32,48,68.86,1.42,0,24.29,0,2.17,3.26
"36061009300","14000US36061009300","Census Tract 93","Census Tract 93, New York County, New York","ny","140","00","ACSSF","0005872",,,,,"36","061",,,,"009300",,,,,,,,,,,,,,,,,,,,,,,,,,,,,,,,,,,,,9440,6512,696,0,1585,0,355,292,68.98,7.37,0,16.79,0,3.76,3.09
"36061009400","14000US36061009400","Census Tract 94","Census Tract 94, New York County, New York","ny","140","00","ACSSF","0005873",,,,,"36","061",,,,"009400",,,,,,,,,,,,,,,,,,,,,,,,,,,,,,,,,,,,,71,66,0,0,5,0,0,0,92.96,0,0,7.04,0,0,0
"36061009500","14000US36061009500","Census Tract 95","Census Tract 95, New York County, New York","ny","140","00","ACSSF","0005874",,,,,"36","061",,,,"009500",,,,,,,,,,,,,,,,,,,,,,,,,,,,,,,,,,,,,3142,2659,92,16,343,0,15,17,84.63,2.93,0.51,10.92,0,0.48,0.54
"36061009600","14000US36061009600","Census Tract 96","Census Tract 96, New York County, New York","ny","140","00","ACSSF","0005875",,,,,"36","061",,,,"009600",,,,,,,,,,,,,,,,,,,,,,,,,,,,,,,,,,,,,177,122,0,0,51,0,0,4,68.93,0,0,28.81,0,0,2.26
"36061009700","14000US36061009700","Census Tract 97","Census Tract 97, New York County, New York","ny","140","00","ACSSF","0005876",,,,,"36","061",,,,"009700",,,,,,,,,,,,,,,,,,,,,,,,,,,,,,,,,,,,,4968,3080,499,0,961,0,141,287,62,10.04,0,19.34,0,2.84,5.78
"36061009800","14000US36061009800","Census Tract 98","Census Tract 98, New York County, New York","ny","140","00","ACSSF","0005877",,,,,"36","061",,,,"009800",,,,,,,,,,,,,,,,,,,,,,,,,,,,,,,,,,,,,7302,6131,153,10,791,0,42,175,83.96,2.1,0.14,10.83,0,0.58,2.4
"36061009900","14000US36061009900","Census Tract 99","Census Tract 99, New York County, New York","ny","140","00","ACSSF","0005878",,,,,"36","061",,,,"009900",,,,,,,,,,,,,,,,,,,,,,,,,,,,,,,,,,,,,5981,4343,327,0,933,0,165,213,72.61,5.47,0,15.6,0,2.76,3.56
"36061010000","14000US36061010000","Census Tract 100","Census Tract 100, New York County, New York","ny","140","00","ACSSF","0005879",,,,,"36","061",,,,"010000",,,,,,,,,,,,,,,,,,,,,,,,,,,,,,,,,,,,,1741,1238,28,0,394,0,50,31,71.11,1.61,0,22.63,0,2.87,1.78
"36061010100","14000US36061010100","Census Tract 101","Census Tract 101, New York County, New York","ny","140","00","ACSSF","0005880",,,,,"36","061",,,,"010100",,,,,,,,,,,,,,,,,,,,,,,,,,,,,,,,,,,,,1373,660,83,0,430,0,76,124,48.07,6.05,0,31.32,0,5.54,9.03
"36061010200","14000US36061010200","Census Tract 102","Census Tract 102, New York County, New York","ny","140","00","ACSSF","0005881",,,,,"36","061",,,,"010200",,,,,,,,,,,,,,,,,,,,,,,,,,,,,,,,,,,,,122,75,7,28,2,0,0,10,61.48,5.74,22.95,1.64,0,0,8.2
"36061010300","14000US36061010300","Census Tract 103","Census Tract 103, New York County, New York","ny","140","00","ACSSF","0005882",,,,,"36","061",,,,"010300",,,,,,,,,,,,,,,,,,,,,,,,,,,,,,,,,,,,,2065,1351,132,0,475,21,10,76,65.42,6.39,0,23,1.02,0.48,3.68
"36061010400","14000US36061010400","Census Tract 104","Census Tract 104, New York County, New York","ny","140","00","ACSSF","0005883",,,,,"36","061",,,,"010400",,,,,,,,,,,,,,,,,,,,,,,,,,,,,,,,,,,,,811,550,12,0,156,16,67,10,67.82,1.48,0,19.24,1.97,8.26,1.23
"36061010601","14000US36061010601","Census Tract 106.01","Census Tract 106.01, New York County, New York","ny","140","00","ACSSF","0005884",,,,,"36","061",,,,"010601",,,,,,,,,,,,,,,,,,,,,,,,,,,,,,,,,,,,,7091,6264,0,21,722,0,0,84,88.34,0,0.3,10.18,0,0,1.18
"36061010602","14000US36061010602","Census Tract 106.02","Census Tract 106.02, New York County, New York","ny","140","00","ACSSF","0005885",,,,,"36","061",,,,"010602",,,,,,,,,,,,,,,,,,,,,,,,,,,,,,,,,,,,,4859,3912,171,0,647,0,36,93,80.51,3.52,0,13.32,0,0.74,1.91
"36061010800","14000US36061010800","Census Tract 108","Census Tract 108, New York County, New York","ny","140","00","ACSSF","0005886",,,,,"36","061",,,,"010800",,,,,,,,,,,,,,,,,,,,,,,,,,,,,,,,,,,,,9046,7854,153,0,917,0,0,122,86.82,1.69,0,10.14,0,0,1.35
"36061010900","14000US36061010900","Census Tract 109","Census Tract 109, New York County, New York","ny","140","00","ACSSF","0005887",,,,,"36","061",,,,"010900",,,,,,,,,,,,,,,,,,,,,,,,,,,,,,,,,,,,,172,116,11,1,28,0,11,5,67.44,6.4,0.58,16.28,0,6.4,2.91
"36061011000","14000US36061011000","Census Tract 110","Census Tract 110, New York County, New York","ny","140","00","ACSSF","0005888",,,,,"36","061",,,,"011000",,,,,,,,,,,,,,,,,,,,,,,,,,,,,,,,,,,,,7499,6005,264,0,1086,0,7,137,80.08,3.52,0,14.48,0,0.09,1.83
"36061011100","14000US36061011100","Census Tract 111","Census Tract 111, New York County, New York","ny","140","00","ACSSF","0005889",,,,,"36","061",,,,"011100",,,,,,,,,,,,,,,,,,,,,,,,,,,,,,,,,,,,,4757,2901,322,0,1203,0,200,131,60.98,6.77,0,25.29,0,4.2,2.75
"36061011201","14000US36061011201","Census Tract 112.01","Census Tract 112.01, New York County, New York","ny","140","00","ACSSF","0005890",,,,,"36","061",,,,"011201",,,,,,,,,,,,,,,,,,,,,,,,,,,,,,,,,,,,,843,697,26,0,114,0,0,6,82.68,3.08,0,13.52,0,0,0.71
"36061011202","14000US36061011202","Census Tract 112.02","Census Tract 112.02, New York County, New York","ny","140","00","ACSSF","0005891",,,,,"36","061",,,,"011202",,,,,,,,,,,,,,,,,,,,,,,,,,,,,,,,,,,,,415,356,15,0,44,0,0,0,85.78,3.61,0,10.6,0,0,0
"36061011203","14000US36061011203","Census Tract 112.03","Census Tract 112.03, New York County, New York","ny","140","00","ACSSF","0005892",,,,,"36","061",,,,"011203",,,,,,,,,,,,,,,,,,,,,,,,,,,,,,,,,,,,,1103,803,26,0,234,0,0,40,72.8,2.36,0,21.21,0,0,3.63
"36061011300","14000US36061011300","Census Tract 113","Census Tract 113, New York County, New York","ny","140","00","ACSSF","0005893",,,,,"36","061",,,,"011300",,,,,,,,,,,,,,,,,,,,,,,,,,,,,,,,,,,,,98,15,38,0,33,0,0,12,15.31,38.78,0,33.67,0,0,12.24
"36061011401","14000US36061011401","Census Tract 114.01","Census Tract 114.01, New York County, New York","ny","140","00","ACSSF","0005894",,,,,"36","061",,,,"011401",,,,,,,,,,,,,,,,,,,,,,,,,,,,,,,,,,,,,1173,1058,8,0,51,0,17,39,90.2,0.68,0,4.35,0,1.45,3.32
"36061011402","14000US36061011402","Census Tract 114.02","Census Tract 114.02, New York County, New York","ny","140","00","ACSSF","0005895",,,,,"36","061",,,,"011402",,,,,,,,,,,,,,,,,,,,,,,,,,,,,,,,,,,,,1880,1565,11,9,154,0,31,110,83.24,0.59,0.48,8.19,0,1.65,5.85
"36061011500","14000US36061011500","Census Tract 115","Census Tract 115, New York County, New York","ny","140","00","ACSSF","0005896",,,,,"36","061",,,,"011500",,,,,,,,,,,,,,,,,,,,,,,,,,,,,,,,,,,,,3663,1735,363,31,1253,0,155,126,47.37,9.91,0.85,34.21,0,4.23,3.44
"36061011600","14000US36061011600","Census Tract 116","Census Tract 116, New York County, New York","ny","140","00","ACSSF","0005897",,,,,"36","061",,,,"011600",,,,,,,,,,,,,,,,,,,,,,,,,,,,,,,,,,,,,3540,2743,65,0,584,0,70,78,77.49,1.84,0,16.5,0,1.98,2.2
"36061011700","14000US36061011700","Census Tract 117","Census Tract 117, New York County, New York","ny","140","00","ACSSF","0005898",,,,,"36","061",,,,"011700",,,,,,,,,,,,,,,,,,,,,,,,,,,,,,,,,,,,,4191,2684,475,0,809,0,177,46,64.04,11.33,0,19.3,0,4.22,1.1
"36061011800","14000US36061011800","Census Tract 118","Census Tract 118, New York County, New York","ny","140","00","ACSSF","0005899",,,,,"36","061",,,,"011800",,,,,,,,,,,,,,,,,,,,,,,,,,,,,,,,,,,,,8986,7690,48,0,1180,0,0,68,85.58,0.53,0,13.13,0,0,0.76
"36061011900","14000US36061011900","Census Tract 119","Census Tract 119, New York County, New York","ny","140","00","ACSSF","0005900",,,,,"36","061",,,,"011900",,,,,,,,,,,,,,,,,,,,,,,,,,,,,,,,,,,,,1071,476,473,0,76,13,14,19,44.44,44.16,0,7.1,1.21,1.31,1.77
"36061012000","14000US36061012000","Census Tract 120","Census Tract 120, New York County, New York","ny","140","00","ACSSF","0005901",,,,,"36","061",,,,"012000",,,,,,,,,,,,,,,,,,,,,,,,,,,,,,,,,,,,,3144,2794,210,0,111,0,29,0,88.87,6.68,0,3.53,0,0.92,0
"36061012100","14000US36061012100","Census Tract 121","Census Tract 121, New York County, New York","ny","140","00","ACSSF","0005902",,,,,"36","061",,,,"012100",,,,,,,,,,,,,,,,,,,,,,,,,,,,,,,,,,,,,7763,5848,492,0,798,0,349,276,75.33,6.34,0,10.28,0,4.5,3.56
"36061012200","14000US36061012200","Census Tract 122","Census Tract 122, New York County, New York","ny","140","00","ACSSF","0005903",,,,,"36","061",,,,"012200",,,,,,,,,,,,,,,,,,,,,,,,,,,,,,,,,,,,,2473,2403,0,0,20,0,20,30,97.17,0,0,0.81,0,0.81,1.21
"36061012400","14000US36061012400","Census Tract 124","Census Tract 124, New York County, New York","ny","140","00","ACSSF","0005904",,,,,"36","061",,,,"012400",,,,,,,,,,,,,,,,,,,,,,,,,,,,,,,,,,,,,9782,7890,106,20,1221,36,285,224,80.66,1.08,0.2,12.48,0.37,2.91,2.29
"36061012500","14000US36061012500","Census Tract 125","Census Tract 125, New York County, New York","ny","140","00","ACSSF","0005905",,,,,"36","061",,,,"012500",,,,,,,,,,,,,,,,,,,,,,,,,,,,,,,,,,,,,2311,1430,62,0,648,0,125,46,61.88,2.68,0,28.04,0,5.41,1.99
"36061012600","14000US36061012600","Census Tract 126","Census Tract 126, New York County, New York","ny","140","00","ACSSF","0005906",,,,,"36","061",,,,"012600",,,,,,,,,,,,,,,,,,,,,,,,,,,,,,,,,,,,,12620,10826,149,148,991,56,143,307,85.78,1.18,1.17,7.85,0.44,1.13,2.43
"36061012700","14000US36061012700","Census Tract 127","Census Tract 127, New York County, New York","ny","140","00","ACSSF","0005907",,,,,"36","061",,,,"012700",,,,,,,,,,,,,,,,,,,,,,,,,,,,,,,,,,,,,6707,4673,273,110,775,0,502,374,69.67,4.07,1.64,11.56,0,7.48,5.58
"36061012800","14000US36061012800","Census Tract 128","Census Tract 128, New York County, New York","ny","140","00","ACSSF","0005908",,,,,"36","061",,,,"012800",,,,,,,,,,,,,,,,,,,,,,,,,,,,,,,,,,,,,5384,4908,12,0,175,0,123,166,91.16,0.22,0,3.25,0,2.28,3.08
"36061012900","14000US36061012900","Census Tract 129","Census Tract 129, New York County, New York","ny","140","00","ACSSF","0005909",,,,,"36","061",,,,"012900",,,,,,,,,,,,,,,,,,,,,,,,,,,,,,,,,,,,,8351,5378,268,18,1740,0,775,172,64.4,3.21,0.22,20.84,0,9.28,2.06
"36061013000","14000US36061013000","Census Tract 130","Census Tract 130, New York County, New York","ny","140","00","ACSSF","0005910",,,,,"36","061",,,,"013000",,,,,,,,,,,,,,,,,,,,,,,,,,,,,,,,,,,,,3314,3075,20,0,144,0,20,55,92.79,0.6,0,4.35,0,0.6,1.66
"36061013100","14000US36061013100","Census Tract 131","Census Tract 131, New York County, New York","ny","140","00","ACSSF","0005911",,,,,"36","061",,,,"013100",,,,,,,,,,,,,,,,,,,,,,,,,,,,,,,,,,,,,2788,1953,62,0,678,0,64,31,70.05,2.22,0,24.32,0,2.3,1.11
"36061013200","14000US36061013200","Census Tract 132","Census Tract 132, New York County, New York","ny","140","00","ACSSF","0005912",,,,,"36","061",,,,"013200",,,,,,,,,,,,,,,,,,,,,,,,,,,,,,,,,,,,,10999,8112,0,284,550,0,1527,526,73.75,0,2.58,5,0,13.88,4.78
"36061013300","14000US36061013300","Census Tract 133","Census Tract 133, New York County, New York","ny","140","00","ACSSF","0005913",,,,,"36","061",,,,"013300",,,,,,,,,,,,,,,,,,,,,,,,,,,,,,,,,,,,,6228,3553,321,16,1716,0,315,307,57.05,5.15,0.26,27.55,0,5.06,4.93
"36061013400","14000US36061013400","Census Tract 134","Census Tract 134, New York County, New York","ny","140","00","ACSSF","0005914",,,,,"36","061",,,,"013400",,,,,,,,,,,,,,,,,,,,,,,,,,,,,,,,,,,,,11360,9685,537,0,1073,0,0,65,85.26,4.73,0,9.45,0,0,0.57
"36061013500","14000US36061013500","Census Tract 135","Census Tract 135, New York County, New York","ny","140","00","ACSSF","0005915",,,,,"36","061",,,,"013500",,,,,,,,,,,,,,,,,,,,,,,,,,,,,,,,,,,,,9705,5972,1043,18,1673,0,716,283,61.54,10.75,0.19,17.24,0,7.38,2.92
"36061013600","14000US36061013600","Census Tract 136","Census Tract 136, New York County, New York","ny","140","00","ACSSF","0005916",,,,,"36","061",,,,"013600",,,,,,,,,,,,,,,,,,,,,,,,,,,,,,,,,,,,,15487,13644,391,0,1008,0,228,216,88.1,2.52,0,6.51,0,1.47,1.39
"36061013700","14000US36061013700","Census Tract 137","Census Tract 137, New York County, New York","ny","140","00","ACSSF","0005917",,,,,"36","061",,,,"013700",,,,,,,,,,,,,,,,,,,,,,,,,,,,,,,,,,,,,5994,4691,119,16,748,30,138,252,78.26,1.99,0.27,12.48,0.5,2.3,4.2
"36061013800","14000US36061013800","Census Tract 138","Census Tract 138, New York County, New York","ny","140","00","ACSSF","0005918",,,,,"36","061",,,,"013800",,,,,,,,,,,,,,,,,,,,,,,,,,,,,,,,,,,,,12213,9898,225,0,1673,0,21,396,81.04,1.84,0,13.7,0,0.17,3.24
"36061013900","14000US36061013900","Census Tract 139","Census Tract 139, New York County, New York","ny","140","00","ACSSF","0005919",,,,,"36","061",,,,"013900",,,,,,,,,,,,,,,,,,,,,,,,,,,,,,,,,,,,,10524,7006,640,312,1861,0,267,438,66.57,6.08,2.96,17.68,0,2.54,4.16
"36061014000","14000US36061014000","Census Tract 140","Census Tract 140, New York County, New York","ny","140","00","ACSSF","0005920",,,,,"36","061",,,,"014000",,,,,,,,,,,,,,,,,,,,,,,,,,,,,,,,,,,,,7194,6530,100,0,405,0,0,159,90.77,1.39,0,5.63,0,0,2.21
"36061014200","14000US36061014200","Census Tract 142","Census Tract 142, New York County, New York","ny","140","00","ACSSF","0005921",,,,,"36","061",,,,"014200",,,,,,,,,,,,,,,,,,,,,,,,,,,,,,,,,,,,,5110,4453,12,0,526,0,5,114,87.14,0.23,0,10.29,0,0.1,2.23
"36061014300","14000US36061014300","Census Tract 143","Census Tract 143, New York County, New York","ny","140","00","ACSSF","0005922",,,,,"36","061",,,,"014300",,,,,,,,,,,,,,,,,,,,,,,,,,,,,,,,,,,,,2,1,1,0,0,0,0,0,50,50,0,0,0,0,0
"36061014401","14000US36061014401","Census Tract 144.01","Census Tract 144.01, New York County, New York","ny","140","00","ACSSF","0005923",,,,,"36","061",,,,"014401",,,,,,,,,,,,,,,,,,,,,,,,,,,,,,,,,,,,,4720,4101,33,0,457,0,24,105,86.89,0.7,0,9.68,0,0.51,2.22
"36061014402","14000US36061014402","Census Tract 144.02","Census Tract 144.02, New York County, New York","ny","140","00","ACSSF","0005924",,,,,"36","061",,,,"014402",,,,,,,,,,,,,,,,,,,,,,,,,,,,,,,,,,,,,6946,6024,85,0,573,0,149,115,86.73,1.22,0,8.25,0,2.15,1.66
"36061014500","14000US36061014500","Census Tract 145","Census Tract 145, New York County, New York","ny","140","00","ACSSF","0005925",,,,,"36","061",,,,"014500",,,,,,,,,,,,,,,,,,,,,,,,,,,,,,,,,,,,,6153,4435,410,0,1164,0,64,80,72.08,6.66,0,18.92,0,1.04,1.3
"36061014601","14000US36061014601","Census Tract 146.01","Census Tract 146.01, New York County, New York","ny","140","00","ACSSF","0005926",,,,,"36","061",,,,"014601",,,,,,,,,,,,,,,,,,,,,,,,,,,,,,,,,,,,,4182,3093,78,0,762,0,196,53,73.96,1.87,0,18.22,0,4.69,1.27
"36061014602","14000US36061014602","Census Tract 146.02","Census Tract 146.02, New York County, New York","ny","140","00","ACSSF","0005927",,,,,"36","061",,,,"014602",,,,,,,,,,,,,,,,,,,,,,,,,,,,,,,,,,,,,7831,7072,0,0,609,0,27,123,90.31,0,0,7.78,0,0.34,1.57
"36061014700","14000US36061014700","Census Tract 147","Census Tract 147, New York County, New York","ny","140","00","ACSSF","0005928",,,,,"36","061",,,,"014700",,,,,,,,,,,,,,,,,,,,,,,,,,,,,,,,,,,,,3475,2270,49,0,1017,0,17,122,65.32,1.41,0,29.27,0,0.49,3.51
"36061014801","14000US36061014801","Census Tract 148.01","Census Tract 148.01, New York County, New York","ny","140","00","ACSSF","0005929",,,,,"36","061",,,,"014801",,,,,,,,,,,,,,,,,,,,,,,,,,,,,,,,,,,,,2810,2403,10,0,200,0,0,197,85.52,0.36,0,7.12,0,0,7.01
"36061014802","14000US36061014802","Census Tract 148.02","Census Tract 148.02, New York County, New York","ny","140","00","ACSSF","0005930",,,,,"36","061",,,,"014802",,,,,,,,,,,,,,,,,,,,,,,,,,,,,,,,,,,,,6504,5222,33,0,674,0,197,378,80.29,0.51,0,10.36,0,3.03,5.81
"36061014900","14000US36061014900","Census Tract 149","Census Tract 149, New York County, New York","ny","140","00","ACSSF","0005931",,,,,"36","061",,,,"014900",,,,,,,,,,,,,,,,,,,,,,,,,,,,,,,,,,,,,4992,4305,73,0,472,0,58,84,86.24,1.46,0,9.46,0,1.16,1.68
"36061015001","14000US36061015001","Census Tract 150.01","Census Tract 150.01, New York County, New York","ny","140","00","ACSSF","0005932",,,,,"36","061",,,,"015001",,,,,,,,,,,,,,,,,,,,,,,,,,,,,,,,,,,,,2285,2056,0,0,203,0,0,26,89.98,0,0,8.88,0,0,1.14
"36061015002","14000US36061015002","Census Tract 150.02","Census Tract 150.02, New York County, New York","ny","140","00","ACSSF","0005933",,,,,"36","061",,,,"015002",,,,,,,,,,,,,,,,,,,,,,,,,,,,,,,,,,,,,4578,4175,49,0,271,0,0,83,91.2,1.07,0,5.92,0,0,1.81
"36061015100","14000US36061015100","Census Tract 151","Census Tract 151, New York County, New York","ny","140","00","ACSSF","0005934",,,,,"36","061",,,,"015100",,,,,,,,,,,,,,,,,,,,,,,,,,,,,,,,,,,,,10143,4720,1740,0,1651,0,1686,346,46.53,17.15,0,16.28,0,16.62,3.41
"36061015200","14000US36061015200","Census Tract 152","Census Tract 152, New York County, New York","ny","140","00","ACSSF","0005935",,,,,"36","061",,,,"015200",,,,,,,,,,,,,,,,,,,,,,,,,,,,,,,,,,,,,7816,5162,738,0,830,0,595,491,66.04,9.44,0,10.62,0,7.61,6.28
"36061015300","14000US36061015300","Census Tract 153","Census Tract 153, New York County, New York","ny","140","00","ACSSF","0005936",,,,,"36","061",,,,"015300",,,,,,,,,,,,,,,,,,,,,,,,,,,,,,,,,,,,,9764,8262,69,26,999,0,123,285,84.62,0.71,0.27,10.23,0,1.26,2.92
"36061015400","14000US36061015400","Census Tract 154","Census Tract 154, New York County, New York","ny","140","00","ACSSF","0005937",,,,,"36","061",,,,"015400",,,,,,,,,,,,,,,,,,,,,,,,,,,,,,,,,,,,,14134,10999,677,0,1124,0,437,897,77.82,4.79,0,7.95,0,3.09,6.35
"36061015500","14000US36061015500","Census Tract 155","Census Tract 155, New York County, New York","ny","140","00","ACSSF","0005938",,,,,"36","061",,,,"015500",,,,,,,,,,,,,,,,,,,,,,,,,,,,,,,,,,,,,10290,8423,233,0,1450,0,0,184,81.86,2.26,0,14.09,0,0,1.79
"36061015601","14000US36061015601","Census Tract 156.01","Census Tract 156.01, New York County, New York","ny","140","00","ACSSF","0005939",,,,,"36","061",,,,"015601",,,,,,,,,,,,,,,,,,,,,,,,,,,,,,,,,,,,,5130,3684,417,0,782,0,125,122,71.81,8.13,0,15.24,0,2.44,2.38
"36061015602","14000US36061015602","Census Tract 156.02","Census Tract 156.02, New York County, New York","ny","140","00","ACSSF","0005940",,,,,"36","061",,,,"015602",,,,,,,,,,,,,,,,,,,,,,,,,,,,,,,,,,,,,2433,1083,680,0,280,78,252,60,44.51,27.95,0,11.51,3.21,10.36,2.47
"36061015700","14000US36061015700","Census Tract 157","Census Tract 157, New York County, New York","ny","140","00","ACSSF","0005941",,,,,"36","061",,,,"015700",,,,,,,,,,,,,,,,,,,,,,,,,,,,,,,,,,,,,9586,8248,364,41,704,0,0,229,86.04,3.8,0.43,7.34,0,0,2.39
"36061015801","14000US36061015801","Census Tract 158.01","Census Tract 158.01, New York County, New York","ny","140","00","ACSSF","0005942",,,,,"36","061",,,,"015801",,,,,,,,,,,,,,,,,,,,,,,,,,,,,,,,,,,,,5099,4334,18,24,581,0,29,113,85,0.35,0.47,11.39,0,0.57,2.22
"36061015802","14000US36061015802","Census Tract 158.02","Census Tract 158.02, New York County, New York","ny","140","00","ACSSF","0005943",,,,,"36","061",,,,"015802",,,,,,,,,,,,,,,,,,,,,,,,,,,,,,,,,,,,,4353,2651,426,0,839,0,224,213,60.9,9.79,0,19.27,0,5.15,4.89
"36061015900","14000US36061015900","Census Tract 159","Census Tract 159, New York County, New York","ny","140","00","ACSSF","0005944",,,,,"36","061",,,,"015900",,,,,,,,,,,,,,,,,,,,,,,,,,,,,,,,,,,,,9517,7483,328,0,1027,0,379,300,78.63,3.45,0,10.79,0,3.98,3.15
"36061016001","14000US36061016001","Census Tract 160.01","Census Tract 160.01, New York County, New York","ny","140","00","ACSSF","0005945",,,,,"36","061",,,,"016001",,,,,,,,,,,,,,,,,,,,,,,,,,,,,,,,,,,,,3465,3073,14,0,212,0,45,121,88.69,0.4,0,6.12,0,1.3,3.49
"36061016002","14000US36061016002","Census Tract 160.02","Census Tract 160.02, New York County, New York","ny","140","00","ACSSF","0005946",,,,,"36","061",,,,"016002",,,,,,,,,,,,,,,,,,,,,,,,,,,,,,,,,,,,,3421,2685,78,18,526,0,88,26,78.49,2.28,0.53,15.38,0,2.57,0.76
"36061016100","14000US36061016100","Census Tract 161","Census Tract 161, New York County, New York","ny","140","00","ACSSF","0005947",,,,,"36","061",,,,"016100",,,,,,,,,,,,,,,,,,,,,,,,,,,,,,,,,,,,,6281,5224,221,0,666,0,0,170,83.17,3.52,0,10.6,0,0,2.71
"36061016200","14000US36061016200","Census Tract 162","Census Tract 162, New York County, New York","ny","140","00","ACSSF","0005948",,,,,"36","061",,,,"016200",,,,,,,,,,,,,,,,,,,,,,,,,,,,,,,,,,,,,9412,2135,4742,52,886,0,1426,171,22.68,50.38,0.55,9.41,0,15.15,1.82
"36061016300","14000US36061016300","Census Tract 163","Census Tract 163, New York County, New York","ny","140","00","ACSSF","0005949",,,,,"36","061",,,,"016300",,,,,,,,,,,,,,,,,,,,,,,,,,,,,,,,,,,,,7267,6474,58,0,578,0,0,157,89.09,0.8,0,7.95,0,0,2.16
"36061016400","14000US36061016400","Census Tract 164","Census Tract 164, New York County, New York","ny","140","00","ACSSF","0005950",,,,,"36","061",,,,"016400",,,,,,,,,,,,,,,,,,,,,,,,,,,,,,,,,,,,,7474,2681,2119,19,1418,18,987,232,35.87,28.35,0.25,18.97,0.24,13.21,3.1
"36061016500","14000US36061016500","Census Tract 165","Census Tract 165, New York County, New York","ny","140","00","ACSSF","0005951",,,,,"36","061",,,,"016500",,,,,,,,,,,,,,,,,,,,,,,,,,,,,,,,,,,,,6512,5412,246,0,454,0,298,102,83.11,3.78,0,6.97,0,4.58,1.57
"36061016600","14000US36061016600","Census Tract 166","Census Tract 166, New York County, New York","ny","140","00","ACSSF","0005952",,,,,"36","061",,,,"016600",,,,,,,,,,,,,,,,,,,,,,,,,,,,,,,,,,,,,6377,3539,881,63,308,0,1507,79,55.5,13.82,0.99,4.83,0,23.63,1.24
"36061016700","14000US36061016700","Census Tract 167","Census Tract 167, New York County, New York","ny","140","00","ACSSF","0005953",,,,,"36","061",,,,"016700",,,,,,,,,,,,,,,,,,,,,,,,,,,,,,,,,,,,,6189,4904,78,17,770,0,67,353,79.24,1.26,0.27,12.44,0,1.08,5.7
"36061016800","14000US36061016800","Census Tract 168","Census Tract 168, New York County, New York","ny","140","00","ACSSF","0005954",,,,,"36","061",,,,"016800",,,,,,,,,,,,,,,,,,,,,,,,,,,,,,,,,,,,,5115,2104,1747,54,325,0,764,121,41.13,34.15,1.06,6.35,0,14.94,2.37
"36061016900","14000US36061016900","Census Tract 169","Census Tract 169, New York County, New York","ny","140","00","ACSSF","0005955",,,,,"36","061",,,,"016900",,,,,,,,,,,,,,,,,,,,,,,,,,,,,,,,,,,,,8375,6749,66,0,852,0,662,46,80.59,0.79,0,10.17,0,7.9,0.55
"36061017000","14000US36061017000","Census Tract 170","Census Tract 170, New York County, New York","ny","140","00","ACSSF","0005956",,,,,"36","061",,,,"017000",,,,,,,,,,,,,,,,,,,,,,,,,,,,,,,,,,,,,7829,3320,1653,111,1287,0,1217,241,42.41,21.11,1.42,16.44,0,15.54,3.08
"36061017100","14000US36061017100","Census Tract 171","Census Tract 171, New York County, New York","ny","140","00","ACSSF","0005957",,,,,"36","061",,,,"017100",,,,,,,,,,,,,,,,,,,,,,,,,,,,,,,,,,,,,8694,8059,144,0,257,0,32,202,92.7,1.66,0,2.96,0,0.37,2.32
"36061017200","14000US36061017200","Census Tract 172","Census Tract 172, New York County, New York","ny","140","00","ACSSF","0005958",,,,,"36","061",,,,"017200",,,,,,,,,,,,,,,,,,,,,,,,,,,,,,,,,,,,,5130,1773,1772,0,190,0,1110,285,34.56,34.54,0,3.7,0,21.64,5.56
"36061017300","14000US36061017300","Census Tract 173","Census Tract 173, New York County, New York","ny","140","00","ACSSF","0005959",,,,,"36","061",,,,"017300",,,,,,,,,,,,,,,,,,,,,,,,,,,,,,,,,,,,,7580,5817,339,0,1007,0,33,384,76.74,4.47,0,13.28,0,0.44,5.07
"36061017401","14000US36061017401","Census Tract 174.01","Census Tract 174.01, New York County, New York","ny","140","00","ACSSF","0005960",,,,,"36","061",,,,"017401",,,,,,,,,,,,,,,,,,,,,,,,,,,,,,,,,,,,,4634,787,2192,38,289,0,1112,216,16.98,47.3,0.82,6.24,0,24,4.66
"36061017402","14000US36061017402","Census Tract 174.02","Census Tract 174.02, New York County, New York","ny","140","00","ACSSF","0005961",,,,,"36","061",,,,"017402",,,,,,,,,,,,,,,,,,,,,,,,,,,,,,,,,,,,,2375,721,978,0,208,0,367,101,30.36,41.18,0,8.76,0,15.45,4.25
"36061017500","14000US36061017500","Census Tract 175","Census Tract 175, New York County, New York","ny","140","00","ACSSF","0005962",,,,,"36","061",,,,"017500",,,,,,,,,,,,,,,,,,,,,,,,,,,,,,,,,,,,,10558,9074,529,130,645,0,66,114,85.94,5.01,1.23,6.11,0,0.63,1.08
"36061017700","14000US36061017700","Census Tract 177","Census Tract 177, New York County, New York","ny","140","00","ACSSF","0005963",,,,,"36","061",,,,"017700",,,,,,,,,,,,,,,,,,,,,,,,,,,,,,,,,,,,,9265,5983,1783,29,396,0,643,431,64.58,19.24,0.31,4.27,0,6.94,4.65
"36061017800","14000US36061017800","Census Tract 178","Census Tract 178, New York County, New York","ny","140","00","ACSSF","0005964",,,,,"36","061",,,,"017800",,,,,,,,,,,,,,,,,,,,,,,,,,,,,,,,,,,,,3987,1250,1002,30,173,14,1424,94,31.35,25.13,0.75,4.34,0.35,35.72,2.36
"36061017900","14000US36061017900","Census Tract 179","Census Tract 179, New York County, New York","ny","140","00","ACSSF","0005965",,,,,"36","061",,,,"017900",,,,,,,,,,,,,,,,,,,,,,,,,,,,,,,,,,,,,8267,6379,110,0,768,0,810,200,77.16,1.33,0,9.29,0,9.8,2.42
"36061018000","14000US36061018000","Census Tract 180","Census Tract 180, New York County, New York","ny","140","00","ACSSF","0005966",,,,,"36","061",,,,"018000",,,,,,,,,,,,,,,,,,,,,,,,,,,,,,,,,,,,,7422,2003,2939,39,189,0,1955,297,26.99,39.6,0.53,2.55,0,26.34,4
"36061018100","14000US36061018100","Census Tract 181","Census Tract 181, New York County, New York","ny","140","00","ACSSF","0005967",,,,,"36","061",,,,"018100",,,,,,,,,,,,,,,,,,,,,,,,,,,,,,,,,,,,,8496,6153,1151,0,526,0,376,290,72.42,13.55,0,6.19,0,4.43,3.41
"36061018200","14000US36061018200","Census Tract 182","Census Tract 182, New York County, New York","ny","140","00","ACSSF","0005968",,,,,"36","061",,,,"018200",,,,,,,,,,,,,,,,,,,,,,,,,,,,,,,,,,,,,7902,968,2820,39,570,0,2976,529,12.25,35.69,0.49,7.21,0,37.66,6.69
"36061018300","14000US36061018300","Census Tract 183","Census Tract 183, New York County, New York","ny","140","00","ACSSF","0005969",,,,,"36","061",,,,"018300",,,,,,,,,,,,,,,,,,,,,,,,,,,,,,,,,,,,,7827,6462,350,38,389,0,247,341,82.56,4.47,0.49,4.97,0,3.16,4.36
"36061018400","14000US36061018400","Census Tract 184","Census Tract 184, New York County, New York","ny","140","00","ACSSF","0005970",,,,,"36","061",,,,"018400",,,,,,,,,,,,,,,,,,,,,,,,,,,,,,,,,,,,,7116,1908,2671,65,478,0,1809,185,26.81,37.54,0.91,6.72,0,25.42,2.6
"36061018500","14000US36061018500","Census Tract 185","Census Tract 185, New York County, New York","ny","140","00","ACSSF","0005971",,,,,"36","061",,,,"018500",,,,,,,,,,,,,,,,,,,,,,,,,,,,,,,,,,,,,4893,3665,491,0,570,0,65,102,74.9,10.03,0,11.65,0,1.33,2.08
"36061018600","14000US36061018600","Census Tract 186","Census Tract 186, New York County, New York","ny","140","00","ACSSF","0005972",,,,,"36","061",,,,"018600",,,,,,,,,,,,,,,,,,,,,,,,,,,,,,,,,,,,,6909,1765,3474,0,220,0,817,633,25.55,50.28,0,3.18,0,11.83,9.16
"36061018700","14000US36061018700","Census Tract 187","Census Tract 187, New York County, New York","ny","140","00","ACSSF","0005973",,,,,"36","061",,,,"018700",,,,,,,,,,,,,,,,,,,,,,,,,,,,,,,,,,,,,8608,6425,737,0,1093,0,156,197,74.64,8.56,0,12.7,0,1.81,2.29
"36061018800","14000US36061018800","Census Tract 188","Census Tract 188, New York County, New York","ny","140","00","ACSSF","0005974",,,,,"36","061",,,,"018800",,,,,,,,,,,,,,,,,,,,,,,,,,,,,,,,,,,,,5437,1392,1326,15,179,0,2253,272,25.6,24.39,0.28,3.29,0,41.44,5
"36061018900","14000US36061018900","Census Tract 189","Census Tract 189, New York County, New York","ny","140","00","ACSSF","0005975",,,,,"36","061",,,,"018900",,,,,,,,,,,,,,,,,,,,,,,,,,,,,,,,,,,,,11654,4849,2514,0,747,0,2686,858,41.61,21.57,0,6.41,0,23.05,7.36
"36061019000","14000US36061019000","Census Tract 190","Census Tract 190, New York County, New York","ny","140","00","ACSSF","0005976",,,,,"36","061",,,,"019000",,,,,,,,,,,,,,,,,,,,,,,,,,,,,,,,,,,,,3734,807,2063,0,494,0,291,79,21.61,55.25,0,13.23,0,7.79,2.12
"36061019100","14000US36061019100","Census Tract 191","Census Tract 191, New York County, New York","ny","140","00","ACSSF","0005977",,,,,"36","061",,,,"019100",,,,,,,,,,,,,,,,,,,,,,,,,,,,,,,,,,,,,9757,7060,1110,0,975,0,263,349,72.36,11.38,0,9.99,0,2.7,3.58
"36061019200","14000US36061019200","Census Tract 192","Census Tract 192, New York County, New York","ny","140","00","ACSSF","0005978",,,,,"36","061",,,,"019200",,,,,,,,,,,,,,,,,,,,,,,,,,,,,,,,,,,,,3802,408,1736,10,267,0,1111,270,10.73,45.66,0.26,7.02,0,29.22,7.1
"36061019300","14000US36061019300","Census Tract 193","Census Tract 193, New York County, New York","ny","140","00","ACSSF","0005979",,,,,"36","061",,,,"019300",,,,,,,,,,,,,,,,,,,,,,,,,,,,,,,,,,,,,10255,4662,2191,0,850,0,1848,704,45.46,21.37,0,8.29,0,18.02,6.86
"36061019400","14000US36061019400","Census Tract 194","Census Tract 194, New York County, New York","ny","140","00","ACSSF","0005980",,,,,"36","061",,,,"019400",,,,,,,,,,,,,,,,,,,,,,,,,,,,,,,,,,,,,6166,1364,2078,51,45,0,2420,208,22.12,33.7,0.83,0.73,0,39.25,3.37
"36061019500","14000US36061019500","Census Tract 195","Census Tract 195, New York County, New York","ny","140","00","ACSSF","0005981",,,,,"36","061",,,,"019500",,,,,,,,,,,,,,,,,,,,,,,,,,,,,,,,,,,,,7167,4774,454,22,1016,0,565,336,66.61,6.33,0.31,14.18,0,7.88,4.69
"36061019600","14000US36061019600","Census Tract 196","Census Tract 196, New York County, New York","ny","140","00","ACSSF","0005982",,,,,"36","061",,,,"019600",,,,,,,,,,,,,,,,,,,,,,,,,,,,,,,,,,,,,4310,679,1942,0,107,3,1445,134,15.75,45.06,0,2.48,0.07,33.53,3.11
"36061019701","14000US36061019701","Census Tract 197.01","Census Tract 197.01, New York County, New York","ny","140","00","ACSSF","0005983",,,,,"36","061",,,,"019701",,,,,,,,,,,,,,,,,,,,,,,,,,,,,,,,,,,,,639,271,140,0,185,0,27,16,42.41,21.91,0,28.95,0,4.23,2.5
"36061019702","14000US36061019702","Census Tract 197.02","Census Tract 197.02, New York County, New York","ny","140","00","ACSSF","0005984",,,,,"36","061",,,,"019702",,,,,,,,,,,,,,,,,,,,,,,,,,,,,,,,,,,,,2478,739,814,32,294,0,230,369,29.82,32.85,1.29,11.86,0,9.28,14.89
"36061019800","14000US36061019800","Census Tract 198","Census Tract 198, New York County, New York","ny","140","00","ACSSF","0005985",,,,,"36","061",,,,"019800",,,,,,,,,,,,,,,,,,,,,,,,,,,,,,,,,,,,,2645,751,1292,47,221,0,242,92,28.39,48.85,1.78,8.36,0,9.15,3.48
"36061019900","14000US36061019900","Census Tract 199","Census Tract 199, New York County, New York","ny","140","00","ACSSF","0005986",,,,,"36","061",,,,"019900",,,,,,,,,,,,,,,,,,,,,,,,,,,,,,,,,,,,,8786,6353,710,17,1304,13,87,302,72.31,8.08,0.19,14.84,0.15,0.99,3.44
"36061020000","14000US36061020000","Census Tract 200","Census Tract 200, New York County, New York","ny","140","00","ACSSF","0005987",,,,,"36","061",,,,"020000",,,,,,,,,,,,,,,,,,,,,,,,,,,,,,,,,,,,,3606,958,1979,0,97,0,393,179,26.57,54.88,0,2.69,0,10.9,4.96
"36061020101","14000US36061020101","Census Tract 201.01","Census Tract 201.01, New York County, New York","ny","140","00","ACSSF","0005988",,,,,"36","061",,,,"020101",,,,,,,,,,,,,,,,,,,,,,,,,,,,,,,,,,,,,1854,1247,158,40,320,0,48,41,67.26,8.52,2.16,17.26,0,2.59,2.21
"36061020102","14000US36061020102","Census Tract 201.02","Census Tract 201.02, New York County, New York","ny","140","00","ACSSF","0005989",,,,,"36","061",,,,"020102",,,,,,,,,,,,,,,,,,,,,,,,,,,,,,,,,,,,,4137,1504,2111,0,280,0,145,97,36.35,51.03,0,6.77,0,3.5,2.34
"36061020300","14000US36061020300","Census Tract 203","Census Tract 203, New York County, New York","ny","140","00","ACSSF","0005990",,,,,"36","061",,,,"020300",,,,,,,,,,,,,,,,,,,,,,,,,,,,,,,,,,,,,3607,2130,332,47,764,5,222,107,59.05,9.2,1.3,21.18,0.14,6.15,2.97
"36061020500","14000US36061020500","Census Tract 205","Census Tract 205, New York County, New York","ny","140","00","ACSSF","0005991",,,,,"36","061",,,,"020500",,,,,,,,,,,,,,,,,,,,,,,,,,,,,,,,,,,,,5117,3743,399,17,780,0,72,106,73.15,7.8,0.33,15.24,0,1.41,2.07
"36061020600","14000US36061020600","Census Tract 206","Census Tract 206, New York County, New York","ny","140","00","ACSSF","0005992",,,,,"36","061",,,,"020600",,,,,,,,,,,,,,,,,,,,,,,,,,,,,,,,,,,,,3432,747,2051,0,82,0,330,222,21.77,59.76,0,2.39,0,9.62,6.47
"36061020701","14000US36061020701","Census Tract 207.01","Census Tract 207.01, New York County, New York","ny","140","00","ACSSF","0005993",,,,,"36","061",,,,"020701",,,,,,,,,,,,,,,,,,,,,,,,,,,,,,,,,,,,,3041,1556,323,0,737,0,299,126,51.17,10.62,0,24.24,0,9.83,4.14
"36061020800","14000US36061020800","Census Tract 208","Census Tract 208, New York County, New York","ny","140","00","ACSSF","0005994",,,,,"36","061",,,,"020800",,,,,,,,,,,,,,,,,,,,,,,,,,,,,,,,,,,,,5432,1051,3433,27,209,0,252,460,19.35,63.2,0.5,3.85,0,4.64,8.47
"36061020901","14000US36061020901","Census Tract 209.01","Census Tract 209.01, New York County, New York","ny","140","00","ACSSF","0005995",,,,,"36","061",,,,"020901",,,,,,,,,,,,,,,,,,,,,,,,,,,,,,,,,,,,,3511,544,1391,0,161,0,1047,368,15.49,39.62,0,4.59,0,29.82,10.48
"36061021000","14000US36061021000","Census Tract 210","Census Tract 210, New York County, New York","ny","140","00","ACSSF","0005996",,,,,"36","061",,,,"021000",,,,,,,,,,,,,,,,,,,,,,,,,,,,,,,,,,,,,7540,417,5491,0,196,0,1008,428,5.53,72.82,0,2.6,0,13.37,5.68
"36061021100","14000US36061021100","Census Tract 211","Census Tract 211, New York County, New York","ny","140","00","ACSSF","0005997",,,,,"36","061",,,,"021100",,,,,,,,,,,,,,,,,,,,,,,,,,,,,,,,,,,,,10824,4558,1675,88,1989,0,1918,596,42.11,15.47,0.81,18.38,0,17.72,5.51
"36061021200","14000US36061021200","Census Tract 212","Census Tract 212, New York County, New York","ny","140","00","ACSSF","0005998",,,,,"36","061",,,,"021200",,,,,,,,,,,,,,,,,,,,,,,,,,,,,,,,,,,,,4112,482,2946,0,152,0,386,146,11.72,71.64,0,3.7,0,9.39,3.55
"36061021303","14000US36061021303","Census Tract 213.03","Census Tract 213.03, New York County, New York","ny","140","00","ACSSF","0005999",,,,,"36","061",,,,"021303",,,,,,,,,,,,,,,,,,,,,,,,,,,,,,,,,,,,,6283,1338,3018,69,422,0,1107,329,21.3,48.03,1.1,6.72,0,17.62,5.24
"36061021400","14000US36061021400","Census Tract 214","Census Tract 214, New York County, New York","ny","140","00","ACSSF","0006000",,,,,"36","061",,,,"021400",,,,,,,,,,,,,,,,,,,,,,,,,,,,,,,,,,,,,3373,442,2486,19,122,8,193,103,13.1,73.7,0.56,3.62,0.24,5.72,3.05
"36061021500","14000US36061021500","Census Tract 215","Census Tract 215, New York County, New York","ny","140","00","ACSSF","0006001",,,,,"36","061",,,,"021500",,,,,,,,,,,,,,,,,,,,,,,,,,,,,,,,,,,,,4396,604,2760,0,101,0,897,34,13.74,62.78,0,2.3,0,20.4,0.77
"36061021600","14000US36061021600","Census Tract 216","Census Tract 216, New York County, New York","ny","140","00","ACSSF","0006002",,,,,"36","061",,,,"021600",,,,,,,,,,,,,,,,,,,,,,,,,,,,,,,,,,,,,8773,2544,4293,42,522,0,1056,316,29,48.93,0.48,5.95,0,12.04,3.6
"36061021703","14000US36061021703","Census Tract 217.03","Census Tract 217.03, New York County, New York","ny","140","00","ACSSF","0006003",,,,,"36","061",,,,"021703",,,,,,,,,,,,,,,,,,,,,,,,,,,,,,,,,,,,,11,11,0,0,0,0,0,0,100,0,0,0,0,0,0
"36061021800","14000US36061021800","Census Tract 218","Census Tract 218, New York County, New York","ny","140","00","ACSSF","0006004",,,,,"36","061",,,,"021800",,,,,,,,,,,,,,,,,,,,,,,,,,,,,,,,,,,,,6236,1555,3828,0,134,34,608,77,24.94,61.39,0,2.15,0.55,9.75,1.23
"36061021900","14000US36061021900","Census Tract 219","Census Tract 219, New York County, New York","ny","140","00","ACSSF","0006005",,,,,"36","061",,,,"021900",,,,,,,,,,,,,,,,,,,,,,,,,,,,,,,,,,,,,6008,835,2899,94,162,0,1569,449,13.9,48.25,1.56,2.7,0,26.12,7.47
"36061022000","14000US36061022000","Census Tract 220","Census Tract 220, New York County, New York","ny","140","00","ACSSF","0006006",,,,,"36","061",,,,"022000",,,,,,,,,,,,,,,,,,,,,,,,,,,,,,,,,,,,,6078,1609,3277,0,466,0,378,348,26.47,53.92,0,7.67,0,6.22,5.73
"36061022102","14000US36061022102","Census Tract 221.02","Census Tract 221.02, New York County, New York","ny","140","00","ACSSF","0006007",,,,,"36","061",,,,"022102",,,,,,,,,,,,,,,,,,,,,,,,,,,,,,,,,,,,,2605,654,1375,0,133,0,139,304,25.11,52.78,0,5.11,0,5.34,11.67
"36061022200","14000US36061022200","Census Tract 222","Census Tract 222, New York County, New York","ny","140","00","ACSSF","0006008",,,,,"36","061",,,,"022200",,,,,,,,,,,,,,,,,,,,,,,,,,,,,,,,,,,,,3369,1210,1643,7,228,0,128,153,35.92,48.77,0.21,6.77,0,3.8,4.54
"36061022301","14000US36061022301","Census Tract 223.01","Census Tract 223.01, New York County, New York","ny","140","00","ACSSF","0006009",,,,,"36","061",,,,"022301",,,,,,,,,,,,,,,,,,,,,,,,,,,,,,,,,,,,,8292,3532,1081,0,185,0,2096,1398,42.6,13.04,0,2.23,0,25.28,16.86
"36061022302","14000US36061022302","Census Tract 223.02","Census Tract 223.02, New York County, New York","ny","140","00","ACSSF","0006010",,,,,"36","061",,,,"022302",,,,,,,,,,,,,,,,,,,,,,,,,,,,,,,,,,,,,3175,659,790,35,520,0,296,875,20.76,24.88,1.1,16.38,0,9.32,27.56
"36061022400","14000US36061022400","Census Tract 224","Census Tract 224, New York County, New York","ny","140","00","ACSSF","0006011",,,,,"36","061",,,,"022400",,,,,,,,,,,,,,,,,,,,,,,,,,,,,,,,,,,,,7586,1172,4506,16,161,0,1632,99,15.45,59.4,0.21,2.12,0,21.51,1.31
"36061022500","14000US36061022500","Census Tract 225","Census Tract 225, New York County, New York","ny","140","00","ACSSF","0006012",,,,,"36","061",,,,"022500",,,,,,,,,,,,,,,,,,,,,,,,,,,,,,,,,,,,,10334,2727,2955,0,476,0,2382,1794,26.39,28.59,0,4.61,0,23.05,17.36
"36061022600","14000US36061022600","Census Tract 226","Census Tract 226, New York County, New York","ny","140","00","ACSSF","0006013",,,,,"36","061",,,,"022600",,,,,,,,,,,,,,,,,,,,,,,,,,,,,,,,,,,,,4954,1192,2936,0,165,0,392,269,24.06,59.27,0,3.33,0,7.91,5.43
"36061022700","14000US36061022700","Census Tract 227","Census Tract 227, New York County, New York","ny","140","00","ACSSF","0006014",,,,,"36","061",,,,"022700",,,,,,,,,,,,,,,,,,,,,,,,,,,,,,,,,,,,,5218,1809,2104,0,276,0,540,489,34.67,40.32,0,5.29,0,10.35,9.37
"36061022800","14000US36061022800","Census Tract 228","Census Tract 228, New York County, New York","ny","140","00","ACSSF","0006015",,,,,"36","061",,,,"022800",,,,,,,,,,,,,,,,,,,,,,,,,,,,,,,,,,,,,6162,1039,4297,5,135,0,466,220,16.86,69.73,0.08,2.19,0,7.56,3.57
"36061022900","14000US36061022900","Census Tract 229","Census Tract 229, New York County, New York","ny","140","00","ACSSF","0006016",,,,,"36","061",,,,"022900",,,,,,,,,,,,,,,,,,,,,,,,,,,,,,,,,,,,,9205,3274,1866,60,287,0,2330,1388,35.57,20.27,0.65,3.12,0,25.31,15.08
"36061023000","14000US36061023000","Census Tract 230","Census Tract 230, New York County, New York","ny","140","00","ACSSF","0006017",,,,,"36","061",,,,"023000",,,,,,,,,,,,,,,,,,,,,,,,,,,,,,,,,,,,,8717,957,5797,24,165,101,1170,503,10.98,66.5,0.28,1.89,1.16,13.42,5.77
"36061023100","14000US36061023100","Census Tract 231","Census Tract 231, New York County, New York","ny","140","00","ACSSF","0006018",,,,,"36","061",,,,"023100",,,,,,,,,,,,,,,,,,,,,,,,,,,,,,,,,,,,,6807,1395,2901,166,182,0,1237,926,20.49,42.62,2.44,2.67,0,18.17,13.6
"36061023200","14000US36061023200","Census Tract 232","Census Tract 232, New York County, New York","ny","140","00","ACSSF","0006019",,,,,"36","061",,,,"023200",,,,,,,,,,,,,,,,,,,,,,,,,,,,,,,,,,,,,9069,1177,5850,0,148,10,1729,155,12.98,64.51,0,1.63,0.11,19.06,1.71
"36061023300","14000US36061023300","Census Tract 233","Census Tract 233, New York County, New York","ny","140","00","ACSSF","0006020",,,,,"36","061",,,,"023300",,,,,,,,,,,,,,,,,,,,,,,,,,,,,,,,,,,,,7220,2408,1938,0,369,0,1628,877,33.35,26.84,0,5.11,0,22.55,12.15
"36061023400","14000US36061023400","Census Tract 234","Census Tract 234, New York County, New York","ny","140","00","ACSSF","0006021",,,,,"36","061",,,,"023400",,,,,,,,,,,,,,,,,,,,,,,,,,,,,,,,,,,,,5072,1138,3209,0,45,0,529,151,22.44,63.27,0,0.89,0,10.43,2.98
"36061023501","14000US36061023501","Census Tract 235.01","Census Tract 235.01, New York County, New York","ny","140","00","ACSSF","0006022",,,,,"36","061",,,,"023501",,,,,,,,,,,,,,,,,,,,,,,,,,,,,,,,,,,,,7044,1951,2976,0,165,0,1566,386,27.7,42.25,0,2.34,0,22.23,5.48
"36061023502","14000US36061023502","Census Tract 235.02","Census Tract 235.02, New York County, New York","ny","140","00","ACSSF","0006023",,,,,"36","061",,,,"023502",,,,,,,,,,,,,,,,,,,,,,,,,,,,,,,,,,,,,1986,321,1428,0,64,0,154,19,16.16,71.9,0,3.22,0,7.75,0.96
"36061023600","14000US36061023600","Census Tract 236","Census Tract 236, New York County, New York","ny","140","00","ACSSF","0006024",,,,,"36","061",,,,"023600",,,,,,,,,,,,,,,,,,,,,,,,,,,,,,,,,,,,,7761,611,6099,56,39,0,672,284,7.87,78.59,0.72,0.5,0,8.66,3.66
"36061023700","14000US36061023700","Census Tract 237","Census Tract 237, New York County, New York","ny","140","00","ACSSF","0006025",,,,,"36","061",,,,"023700",,,,,,,,,,,,,,,,,,,,,,,,,,,,,,,,,,,,,6682,1855,1593,11,248,60,695,2220,27.76,23.84,0.16,3.71,0.9,10.4,33.22
"36061023801","14000US36061023801","Census Tract 238.01","Census Tract 238.01, New York County, New York","ny","140","00","ACSSF","0006026",,,,,"36","061",,,,"023801",,,,,,,,,,,,,,,,,,,,,,,,,,,,,,,,,,,,,6354,2505,565,0,2679,0,83,522,39.42,8.89,0,42.16,0,1.31,8.22
"36061023802","14000US36061023802","Census Tract 238.02","Census Tract 238.02, New York County, New York","ny","140","00","ACSSF","0006027",,,,,"36","061",,,,"023802",,,,,,,,,,,,,,,,,,,,,,,,,,,,,,,,,,,,,6086,2836,1002,0,1585,0,491,172,46.6,16.46,0,26.04,0,8.07,2.83
"36061023900","14000US36061023900","Census Tract 239","Census Tract 239, New York County, New York","ny","140","00","ACSSF","0006028",,,,,"36","061",,,,"023900",,,,,,,,,,,,,,,,,,,,,,,,,,,,,,,,,,,,,2781,648,900,71,137,0,662,363,23.3,32.36,2.55,4.93,0,23.8,13.05
"36061024000","14000US36061024000","Census Tract 240","Census Tract 240, New York County, New York","ny","140","00","ACSSF","0006029",,,,,"36","061",,,,"024000",,,,,,,,,,,,,,,,,,,,,,,,,,,,,,,,,,,,,2009,573,1152,11,63,22,165,23,28.52,57.34,0.55,3.14,1.1,8.21,1.14
"36061024100","14000US36061024100","Census Tract 241","Census Tract 241, New York County, New York","ny","140","00","ACSSF","0006030",,,,,"36","061",,,,"024100",,,,,,,,,,,,,,,,,,,,,,,,,,,,,,,,,,,,,8680,2537,2257,56,413,65,2468,884,29.23,26,0.65,4.76,0.75,28.43,10.18
"36061024200","14000US36061024200","Census Tract 242","Census Tract 242, New York County, New York","ny","140","00","ACSSF","0006031",,,,,"36","061",,,,"024200",,,,,,,,,,,,,,,,,,,,,,,,,,,,,,,,,,,,,5003,600,2945,72,136,0,1167,83,11.99,58.86,1.44,2.72,0,23.33,1.66
"36061024301","14000US36061024301","Census Tract 243.01","Census Tract 243.01, New York County, New York","ny","140","00","ACSSF","0006032",,,,,"36","061",,,,"024301",,,,,,,,,,,,,,,,,,,,,,,,,,,,,,,,,,,,,4658,909,1653,8,192,0,1309,587,19.51,35.49,0.17,4.12,0,28.1,12.6
"36061024302","14000US36061024302","Census Tract 243.02","Census Tract 243.02, New York County, New York","ny","140","00","ACSSF","0006033",,,,,"36","061",,,,"024302",,,,,,,,,,,,,,,,,,,,,,,,,,,,,,,,,,,,,7756,784,3841,67,95,0,2183,786,10.11,49.52,0.86,1.22,0,28.15,10.13
"36061024500","14000US36061024500","Census Tract 245","Census Tract 245, New York County, New York","ny","140","00","ACSSF","0006034",,,,,"36","061",,,,"024500",,,,,,,,,,,,,,,,,,,,,,,,,,,,,,,,,,,,,14717,3290,1823,36,339,27,6875,2327,22.36,12.39,0.24,2.3,0.18,46.71,15.81
"36061024700","14000US36061024700","Census Tract 247","Census Tract 247, New York County, New York","ny","140","00","ACSSF","0006035",,,,,"36","061",,,,"024700",,,,,,,,,,,,,,,,,,,,,,,,,,,,,,,,,,,,,7303,2424,1593,29,385,0,2253,619,33.19,21.81,0.4,5.27,0,30.85,8.48
"36061024900","14000US36061024900","Census Tract 249","Census Tract 249, New York County, New York","ny","140","00","ACSSF","0006036",,,,,"36","061",,,,"024900",,,,,,,,,,,,,,,,,,,,,,,,,,,,,,,,,,,,,1047,263,194,0,79,0,347,164,25.12,18.53,0,7.55,0,33.14,15.66
"36061025100","14000US36061025100","Census Tract 251","Census Tract 251, New York County, New York","ny","140","00","ACSSF","0006037",,,,,"36","061",,,,"025100",,,,,,,,,,,,,,,,,,,,,,,,,,,,,,,,,,,,,2835,947,534,19,112,0,1032,191,33.4,18.84,0.67,3.95,0,36.4,6.74
"36061025300","14000US36061025300","Census Tract 253","Census Tract 253, New York County, New York","ny","140","00","ACSSF","0006038",,,,,"36","061",,,,"025300",,,,,,,,,,,,,,,,,,,,,,,,,,,,,,,,,,,,,13572,4978,1339,21,239,0,6175,820,36.68,9.87,0.15,1.76,0,45.5,6.04
"36061025500","14000US36061025500","Census Tract 255","Census Tract 255, New York County, New York","ny","140","00","ACSSF","0006039",,,,,"36","061",,,,"025500",,,,,,,,,,,,,,,,,,,,,,,,,,,,,,,,,,,,,5999,2802,351,214,1005,0,1325,302,46.71,5.85,3.57,16.75,0,22.09,5.03
"36061025700","14000US36061025700","Census Tract 257","Census Tract 257, New York County, New York","ny","140","00","ACSSF","0006040",,,,,"36","061",,,,"025700",,,,,,,,,,,,,,,,,,,,,,,,,,,,,,,,,,,,,4625,1740,1935,0,285,0,469,196,37.62,41.84,0,6.16,0,10.14,4.24
"36061025900","14000US36061025900","Census Tract 259","Census Tract 259, New York County, New York","ny","140","00","ACSSF","0006041",,,,,"36","061",,,,"025900",,,,,,,,,,,,,,,,,,,,,,,,,,,,,,,,,,,,,3731,968,1637,0,169,0,626,331,25.94,43.88,0,4.53,0,16.78,8.87
"36061026100","14000US36061026100","Census Tract 261","Census Tract 261, New York County, New York","ny","140","00","ACSSF","0006042",,,,,"36","061",,,,"026100",,,,,,,,,,,,,,,,,,,,,,,,,,,,,,,,,,,,,13145,2714,1905,319,87,0,6932,1188,20.65,14.49,2.43,0.66,0,52.73,9.04
"36061026300","14000US36061026300","Census Tract 263","Census Tract 263, New York County, New York","ny","140","00","ACSSF","0006043",,,,,"36","061",,,,"026300",,,,,,,,,,,,,,,,,,,,,,,,,,,,,,,,,,,,,9177,2391,1001,55,248,0,4562,920,26.05,10.91,0.6,2.7,0,49.71,10.03
"36061026500","14000US36061026500","Census Tract 265","Census Tract 265, New York County, New York","ny","140","00","ACSSF","0006044",,,,,"36","061",,,,"026500",,,,,,,,,,,,,,,,,,,,,,,,,,,,,,,,,,,,,7951,4118,1023,21,163,0,2217,409,51.79,12.87,0.26,2.05,0,27.88,5.14
"36061026700","14000US36061026700","Census Tract 267","Census Tract 267, New York County, New York","ny","140","00","ACSSF","0006045",,,,,"36","061",,,,"026700",,,,,,,,,,,,,,,,,,,,,,,,,,,,,,,,,,,,,1994,1383,67,19,66,0,434,25,69.36,3.36,0.95,3.31,0,21.77,1.25
"36061026900","14000US36061026900","Census Tract 269","Census Tract 269, New York County, New York","ny","140","00","ACSSF","0006046",,,,,"36","061",,,,"026900",,,,,,,,,,,,,,,,,,,,,,,,,,,,,,,,,,,,,8986,2246,1093,236,269,0,4017,1125,24.99,12.16,2.63,2.99,0,44.7,12.52
"36061027100","14000US36061027100","Census Tract 271","Census Tract 271, New York County, New York","ny","140","00","ACSSF","0006047",,,,,"36","061",,,,"027100",,,,,,,,,,,,,,,,,,,,,,,,,,,,,,,,,,,,,8806,4152,772,81,256,0,2504,1041,47.15,8.77,0.92,2.91,0,28.44,11.82
"36061027300","14000US36061027300","Census Tract 273","Census Tract 273, New York County, New York","ny","140","00","ACSSF","0006048",,,,,"36","061",,,,"027300",,,,,,,,,,,,,,,,,,,,,,,,,,,,,,,,,,,,,6925,4897,458,48,163,0,858,501,70.71,6.61,0.69,2.35,0,12.39,7.23
"36061027500","14000US36061027500","Census Tract 275","Census Tract 275, New York County, New York","ny","140","00","ACSSF","0006049",,,,,"36","061",,,,"027500",,,,,,,,,,,,,,,,,,,,,,,,,,,,,,,,,,,,,3370,2829,60,0,137,0,171,173,83.95,1.78,0,4.07,0,5.07,5.13
"36061027700","14000US36061027700","Census Tract 277","Census Tract 277, New York County, New York","ny","140","00","ACSSF","0006050",,,,,"36","061",,,,"027700",,,,,,,,,,,,,,,,,,,,,,,,,,,,,,,,,,,,,6538,2006,1286,33,122,0,2601,490,30.68,19.67,0.5,1.87,0,39.78,7.49
"36061027900","14000US36061027900","Census Tract 279","Census Tract 279, New York County, New York","ny","140","00","ACSSF","0006051",,,,,"36","061",,,,"027900",,,,,,,,,,,,,,,,,,,,,,,,,,,,,,,,,,,,,12053,3968,755,163,228,0,6087,852,32.92,6.26,1.35,1.89,0,50.5,7.07
"36061028100","14000US36061028100","Census Tract 281","Census Tract 281, New York County, New York","ny","140","00","ACSSF","0006052",,,,,"36","061",,,,"028100",,,,,,,,,,,,,,,,,,,,,,,,,,,,,,,,,,,,,3416,2602,290,0,276,0,48,200,76.17,8.49,0,8.08,0,1.41,5.85
"36061028300","14000US36061028300","Census Tract 283","Census Tract 283, New York County, New York","ny","140","00","ACSSF","0006053",,,,,"36","061",,,,"028300",,,,,,,,,,,,,,,,,,,,,,,,,,,,,,,,,,,,,7949,2773,850,34,423,0,3366,503,34.88,10.69,0.43,5.32,0,42.34,6.33
"36061028500","14000US36061028500","Census Tract 285","Census Tract 285, New York County, New York","ny","140","00","ACSSF","0006054",,,,,"36","061",,,,"028500",,,,,,,,,,,,,,,,,,,,,,,,,,,,,,,,,,,,,7907,1735,784,33,150,0,4322,883,21.94,9.92,0.42,1.9,0,54.66,11.17
"36061028700","14000US36061028700","Census Tract 287","Census Tract 287, New York County, New York","ny","140","00","ACSSF","0006055",,,,,"36","061",,,,"028700",,,,,,,,,,,,,,,,,,,,,,,,,,,,,,,,,,,,,4231,2234,255,24,68,0,1533,117,52.8,6.03,0.57,1.61,0,36.23,2.77
"36061029100","14000US36061029100","Census Tract 291","Census Tract 291, New York County, New York","ny","140","00","ACSSF","0006056",,,,,"36","061",,,,"029100",,,,,,,,,,,,,,,,,,,,,,,,,,,,,,,,,,,,,12165,3370,2130,45,495,57,5480,588,27.7,17.51,0.37,4.07,0.47,45.05,4.83
"36061029300","14000US36061029300","Census Tract 293","Census Tract 293, New York County, New York","ny","140","00","ACSSF","0006057",,,,,"36","061",,,,"029300",,,,,,,,,,,,,,,,,,,,,,,,,,,,,,,,,,,,,9397,2704,1191,0,90,0,4914,498,28.78,12.67,0,0.96,0,52.29,5.3
"36061029500","14000US36061029500","Census Tract 295","Census Tract 295, New York County, New York","ny","140","00","ACSSF","0006058",,,,,"36","061",,,,"029500",,,,,,,,,,,,,,,,,,,,,,,,,,,,,,,,,,,,,8182,4346,580,0,271,0,2398,587,53.12,7.09,0,3.31,0,29.31,7.17
"36061029700","14000US36061029700","Census Tract 297","Census Tract 297, New York County, New York","ny","140","00","ACSSF","0006059",,,,,"36","061",,,,"029700",,,,,,,,,,,,,,,,,,,,,,,,,,,,,,,,,,,,,22,4,13,0,2,0,3,0,18.18,59.09,0,9.09,0,13.64,0
"36061029900","14000US36061029900","Census Tract 299","Census Tract 299, New York County, New York","ny","140","00","ACSSF","0006060",,,,,"36","061",,,,"029900",,,,,,,,,,,,,,,,,,,,,,,,,,,,,,,,,,,,,3737,1083,973,37,9,0,1476,159,28.98,26.04,0.99,0.24,0,39.5,4.25
"36061030300","14000US36061030300","Census Tract 303","Census Tract 303, New York County, New York","ny","140","00","ACSSF","0006061",,,,,"36","061",,,,"030300",,,,,,,,,,,,,,,,,,,,,,,,,,,,,,,,,,,,,4535,2191,514,0,197,0,1357,276,48.31,11.33,0,4.34,0,29.92,6.09
"36061030700","14000US36061030700","Census Tract 307","Census Tract 307, New York County, New York","ny","140","00","ACSSF","0006062",,,,,"36","061",,,,"030700",,,,,,,,,,,,,,,,,,,,,,,,,,,,,,,,,,,,,3920,2578,498,10,152,47,477,158,65.77,12.7,0.26,3.88,1.2,12.17,4.03
"36061030900","14000US36061030900","Census Tract 309","Census Tract 309, New York County, New York","ny","140","00","ACSSF","0006063",,,,,"36","061",,,,"030900",,,,,,,,,,,,,,,,,,,,,,,,,,,,,,,,,,,,,10593,2540,2852,157,75,0,4470,499,23.98,26.92,1.48,0.71,0,42.2,4.71
"36061031100","14000US36061031100","Census Tract 311","Census Tract 311, New York County, New York","ny","140","00","ACSSF","0006064",,,,,"36","061",,,,"031100",,,,,,,,,,,,,,,,,,,,,,,,,,,,,,,,,,,,,0,0,0,0,0,0,0,0,,,,,,,
"36061031703","14000US36061031703","Census Tract 317.03","Census Tract 317.03, New York County, New York","ny","140","00","ACSSF","0006065",,,,,"36","061",,,,"031703",,,,,,,,,,,,,,,,,,,,,,,,,,,,,,,,,,,,,5783,4368,57,0,1150,0,14,194,75.53,0.99,0,19.89,0,0.24,3.35
"36061031704","14000US36061031704","Census Tract 317.04","Census Tract 317.04, New York County, New York","ny","140","00","ACSSF","0006066",,,,,"36","061",,,,"031704",,,,,,,,,,,,,,,,,,,,,,,,,,,,,,,,,,,,,10224,7521,254,93,1900,0,8,448,73.56,2.48,0.91,18.58,0,0.08,4.38
"36061031900","14000US36061031900","Census Tract 319","Census Tract 319, New York County, New York","ny","140","00","ACSSF","0006067",,,,,"36","061",,,,"031900",,,,,,,,,,,,,,,,,,,,,,,,,,,,,,,,,,,,,0,0,0,0,0,0,0,0,,,,,,,
